loan_id,is_first_loan,fully_repaid_previous_loans,currently_repaying_other_loans,total_credit_card_limit,avg_percentage_credit_card_limit_used_last_year,saving_amount,checking_amount,is_employed,yearly_salary,age,dependent_number,is_fraud
598253,1,0,0,7990,65,9947,5904,0,25000,25,5,0
368640,1,0,0,3421,35,7159,2622,0,15000,43,9,0
915806,1,0,0,17525,86,1849,9192,0,15000,26,4,1
949617,1,0,0,14276,9,3221,4694,0,25000,23,9,1
716449,1,,0,5729,0,458,9311,0,25000,29,7,1
957324,1,0,0,11753,98,4730,4953,1,15000,38,1,1
502739,1,0,0,16288,97,8908,5418,1,15000,50,7,1
794327,1,0,0,19784,72,8995,7304,1,25000,40,9,0
288738,1,0,0,6728,38,5275,2236,0,25000,64,1,0
124426,1,0,,14397,33,8315,3047,1,75000,55,8,0
239590,0,1,,14446,86,8958,6763,1,15000,38,7,1
490861,1,0,0,13972,98,1270,2323,1,15000,45,4,1
472354,1,0,0,12566,21,3480,972,0,0,36,6,1
246762,0,0,1,6432,70,4815,143,0,25000,27,2,1
832644,1,0,0,11114,24,1668,5186,1,50000,62,9,0
865697,1,,0,2921,72,3645,9687,0,0,48,3,1
744010,1,0,0,15256,19,4355,7229,0,75000,61,5,0
724350,1,0,0,8356,33,2889,4623,0,15000,57,2,0
446319,1,0,0,15865,64,3237,5781,1,15000,50,7,0
965403,1,0,0,17355,45,3526,1360,1,25000,39,0,0
759885,1,0,0,12835,13,2080,9143,1,0,22,9,1
653208,1,0,0,15906,17,308,639,0,15000,54,1,0
195655,1,0,0,18575,26,7295,6476,1,0,41,6,1
751580,0,,1,8923,57,8894,919,1,75000,62,4,1
529895,1,0,0,17849,22,6812,125,0,50000,41,5,0
407113,1,0,0,16083,100,929,5742,1,0,25,8,1
474873,1,0,0,6663,28,5998,8360,0,15000,21,8,1
691289,1,0,0,12500,8,6991,6729,1,0,45,4,1
328667,1,0,0,17412,29,8188,2545,1,15000,57,9,0
931452,1,0,0,9965,35,9513,5757,0,15000,59,4,0
628418,0,0,1,17266,91,5740,7240,1,25000,53,0,1
873230,0,1,0,3782,34,7592,2651,0,50000,28,6,0
131326,1,0,0,9597,45,9343,7365,0,75000,41,8,0
297255,0,0,1,11593,35,9872,8089,0,25000,56,5,1
702464,1,0,0,4077,52,5200,9298,0,50000,45,2,0
970900,1,0,0,4361,67,3763,6824,1,15000,21,5,0
375129,1,0,0,19478,20,4131,3161,1,75000,23,3,0
169855,0,1,0,2797,88,1500,2000,1,20000,56,5,0
313004,0,1,,3777,39,7977,6595,0,50000,24,1,0
628316,1,0,0,2624,80,1500,2000,0,20000,41,6,0
872602,0,1,0,8159,14,5210,3198,0,25000,25,8,0
971700,1,0,0,18690,49,9802,4967,1,25000,42,0,0
542624,1,0,0,2261,43,7229,6993,0,0,50,9,1
234427,1,0,0,14990,14,8359,8352,0,50000,34,0,0
204021,0,,1,11140,19,7434,6729,0,50000,62,0,1
684810,1,0,0,1147,36,1862,8255,1,50000,21,3,0
481381,1,0,0,14232,8,5575,2758,1,0,62,4,1
818602,1,0,0,17222,70,4443,7074,0,50000,52,7,0
776529,1,0,0,8079,45,3808,1672,1,50000,61,9,0
406241,1,0,0,5091,87,5165,1794,1,0,28,6,1
159943,1,0,,7864,98,9958,6608,1,25000,23,9,0
578069,1,0,0,2346,41,9381,9627,1,0,43,5,1
313457,1,0,0,7244,77,1236,5358,1,0,35,6,1
154154,1,0,0,5107,51,7730,1764,0,0,61,3,1
839690,1,0,0,8103,8,987,5850,0,15000,54,0,0
193062,1,0,0,11440,3,2794,7248,1,25000,23,6,0
925350,1,0,0,2743,74,7074,7508,0,0,63,7,1
282828,1,0,0,17241,11,7772,3436,0,75000,46,0,0
174879,0,1,0,13132,89,969,2357,0,0,38,6,1
341178,1,0,0,14418,58,5482,8112,0,15000,33,5,0
492417,1,0,0,8213,7,7811,9530,1,0,23,4,1
404233,1,0,0,14011,54,369,4504,1,25000,33,7,1
219607,0,1,,5378,49,2307,9658,0,15000,20,7,1
589340,0,1,0,14688,31,4749,9571,1,50000,48,9,0
533675,0,0,1,1961,32,2610,1266,1,0,34,1,0
181521,0,0,1,3031,70,1736,556,1,25000,44,3,1
421999,0,1,0,16388,4,8171,9970,1,50000,22,3,0
194137,1,0,0,9279,30,4212,7759,0,15000,51,0,0
471608,0,0,1,1545,80,602,1720,1,20000,31,5,1
294908,1,0,0,12669,5,3535,9527,0,0,35,1,1
150802,0,1,0,13355,19,3526,3091,0,15000,51,2,0
467466,1,0,0,1059,98,1500,2000,0,20000,26,8,1
360127,1,0,0,14505,69,1297,4149,1,0,29,8,1
624285,0,1,0,15056,27,2717,115,0,75000,44,8,0
590881,1,0,0,16292,28,8354,3112,1,25000,28,6,0
204259,1,0,0,11751,81,5605,1132,0,75000,35,7,0
948034,0,1,0,9077,1,5113,6622,0,75000,58,0,0
288812,0,1,,6587,0,782,554,0,25000,24,0,1
963701,1,0,0,13523,50,832,952,1,15000,35,3,0
125712,1,0,0,18583,43,2338,437,1,15000,47,5,0
274845,1,0,0,15408,63,971,4431,1,50000,33,7,0
215811,1,0,0,7726,59,8577,4192,1,15000,24,2,0
293628,0,1,,9906,20,3064,8002,0,15000,54,3,0
638240,1,0,0,11093,34,796,8728,0,50000,54,6,0
953028,1,0,0,7778,62,7926,3344,0,50000,27,5,0
347025,1,0,0,2221,86,579,5179,1,75000,46,4,0
564724,1,0,0,2872,51,2525,581,1,15000,46,1,0
579676,1,0,0,16732,84,9540,1021,1,50000,61,9,0
922892,0,1,0,10297,20,562,811,1,50000,25,9,0
360762,0,1,0,15781,1,9393,3369,1,25000,25,8,0
773735,1,0,0,18591,44,8984,6967,0,15000,51,4,0
645768,0,0,1,3915,32,181,7093,1,0,63,9,1
415217,1,0,0,8618,50,6265,1374,1,75000,18,4,0
731527,0,0,1,15604,37,652,9576,1,15000,52,1,1
149424,0,1,,3194,79,515,6542,1,75000,31,1,0
855550,1,0,0,16484,12,562,2287,0,75000,30,4,0
857363,1,0,0,7800,66,356,3901,1,75000,55,9,1
447508,1,0,0,9285,95,6717,9023,1,25000,29,5,0
364758,1,0,0,11768,86,8174,4002,0,0,27,7,1
531148,0,1,0,19769,31,1720,153,0,15000,29,0,0
590980,1,0,0,2865,80,1500,1623,0,0,23,5,1
310450,1,0,0,9551,19,3294,2890,0,25000,60,9,0
329584,1,0,0,9306,79,5037,4368,1,15000,27,4,0
987170,1,0,0,15171,39,7911,3852,1,25000,35,4,0
409403,1,0,0,4243,80,1495,1252,0,20000,38,8,0
103163,1,0,0,4512,58,4159,8825,0,75000,56,1,0
477685,1,0,0,3449,80,1500,2000,0,0,19,9,1
865452,1,0,0,19809,41,668,7033,0,50000,56,5,0
286031,1,0,0,2703,56,1661,8245,1,25000,48,3,0
683132,0,0,1,17458,5,5481,6329,1,25000,52,1,1
834962,1,0,0,10217,37,6501,7447,0,15000,34,2,0
427029,1,0,,19780,38,4292,3849,0,25000,52,0,0
831650,1,,,6715,93,1900,1548,0,0,49,5,1
389444,1,0,0,15779,1,9785,9512,0,25000,23,8,1
215775,1,0,0,5383,30,371,270,0,75000,57,3,1
135835,1,0,0,17857,98,1060,2196,0,25000,50,2,1
456808,1,0,0,7277,95,2001,6323,0,25000,20,5,1
881838,0,1,0,9911,99,9623,5091,0,25000,44,4,1
976337,1,0,0,17503,0,5909,8104,1,25000,62,1,0
138764,1,0,0,14608,51,7677,3761,1,0,26,1,1
468726,1,0,0,1139,98,6788,3100,0,0,46,4,1
820700,1,0,0,10623,26,6084,3113,0,75000,29,4,0
832394,1,0,0,9665,50,8451,1307,1,25000,42,7,0
513778,0,1,0,9895,64,4380,2567,0,75000,31,9,0
995358,1,0,0,4979,100,2851,1168,1,50000,42,7,0
506772,0,1,0,12430,32,2598,5613,1,25000,18,6,0
599152,1,0,0,17068,37,1392,4232,1,0,28,5,1
361202,1,0,0,12053,37,4814,5085,0,50000,32,9,0
129927,1,0,0,19079,39,9320,3784,0,0,51,3,1
212139,1,0,0,4259,12,4727,2350,1,0,49,5,1
581828,1,0,0,16498,21,5439,694,1,15000,41,3,0
319914,1,0,0,12821,4,9709,7428,0,0,35,8,1
187768,0,1,0,9014,33,8380,4907,1,75000,51,8,0
524166,1,0,0,5317,94,2617,9302,1,50000,50,0,0
429941,1,0,0,3076,56,274,6512,0,75000,35,3,1
527878,0,1,0,8525,48,2713,3250,1,0,35,2,0
951544,1,0,0,17895,67,4948,7240,0,25000,43,0,0
996999,1,,0,7884,20,5916,7059,1,75000,25,5,0
980110,0,1,0,7832,51,2856,6614,0,75000,30,5,0
944836,1,0,0,9016,11,5946,3296,1,75000,21,4,0
781926,1,0,0,13451,28,70,2283,0,50000,27,5,1
994628,0,1,0,13582,40,7655,6985,1,50000,26,0,0
128856,1,0,0,1587,71,9341,694,0,75000,60,6,0
164288,0,1,0,11522,64,6063,6345,1,0,64,4,0
200556,1,0,0,6958,21,183,7778,0,75000,38,7,1
628956,0,1,0,5311,22,9604,711,0,25000,33,2,0
526467,0,1,,10732,48,6731,4218,1,0,18,5,0
672812,1,0,0,3388,41,476,3978,1,15000,59,0,0
851053,1,0,0,7706,30,3542,1265,1,50000,23,4,0
939401,1,0,0,3602,83,8107,7958,0,0,64,7,1
541860,1,0,0,7964,23,1191,6813,0,25000,34,6,0
858506,1,0,0,17943,70,6457,2515,1,25000,20,7,0
776727,1,0,0,11893,54,8810,1220,0,0,44,7,1
595897,0,0,1,16199,86,5716,9784,1,0,27,0,1
931048,0,1,0,19827,17,1792,1341,0,75000,51,8,0
318020,1,0,0,19969,44,4103,7656,1,0,61,8,1
315956,1,0,0,19543,3,9299,6708,1,75000,54,8,0
780559,0,1,,15467,93,2284,7178,0,25000,48,4,1
577368,1,0,0,1849,48,3230,7212,0,50000,44,2,0
496280,1,0,0,5137,8,338,867,1,15000,30,1,0
928960,1,0,0,12179,37,6376,9308,1,75000,51,6,0
992638,0,1,0,5598,78,7360,9815,0,0,61,8,0
422283,0,1,0,1834,29,7822,692,0,75000,64,5,0
108657,1,0,0,9780,88,1809,1603,1,15000,52,8,1
207863,1,0,0,1638,46,8017,3032,0,25000,27,1,0
400332,0,,1,17968,74,2322,1231,1,25000,32,4,1
180651,0,1,0,8250,7,2510,4132,0,50000,59,1,0
436912,1,0,0,7588,36,8143,5911,1,0,42,6,1
534502,1,0,0,2198,80,1500,2000,1,20000,18,8,0
645422,1,0,0,17740,81,1949,6950,1,0,29,5,1
872846,1,0,0,3192,16,6718,1542,0,50000,29,3,0
740208,0,1,0,18979,95,3386,7092,0,25000,25,9,1
291025,1,0,0,1295,27,5591,3235,1,0,42,0,1
127202,1,0,0,16826,5,5661,4375,1,25000,57,0,0
597976,1,0,0,9085,89,5120,1214,1,75000,35,8,0
715430,1,0,0,4056,37,32,2160,1,15000,44,4,1
521016,1,0,0,8318,14,5376,3289,0,25000,52,7,0
135616,0,0,1,8351,5,7094,1786,0,25000,31,3,1
788132,1,0,0,13505,76,5739,7649,0,0,58,5,1
429460,1,0,0,18408,88,9457,358,1,25000,60,0,0
586309,0,0,1,11384,4,2791,1386,1,50000,39,3,1
428707,1,0,0,9112,75,9959,8321,1,50000,62,2,0
398892,1,0,0,18586,55,6233,9141,0,0,33,0,1
440910,1,0,0,10187,22,3787,656,1,75000,47,0,0
964677,1,,0,12289,12,8330,7004,0,15000,38,6,0
979673,1,0,0,13058,13,5554,3341,0,25000,42,0,0
224316,1,0,0,4972,99,3435,5432,0,50000,31,9,1
460442,1,0,0,18128,1,5640,4438,1,75000,19,5,0
439310,1,0,0,2165,39,766,6225,1,25000,40,2,0
155229,1,0,0,4978,48,8691,7347,0,0,29,7,1
866635,0,0,1,6742,59,5874,4188,0,75000,61,5,1
439109,0,1,0,3996,80,609,2000,0,20000,24,8,1
665817,1,,0,18033,91,7397,424,1,15000,28,0,1
286529,0,1,0,8397,98,6229,6606,0,75000,56,2,1
352724,0,1,0,1548,26,6935,1971,0,50000,53,4,0
765846,1,0,0,13271,75,4651,3885,0,75000,38,2,0
233999,1,0,0,4055,77,9578,1980,0,0,25,8,1
956090,0,0,1,19859,48,1791,6127,1,25000,26,1,1
709167,1,0,,12549,93,3750,9837,1,15000,36,1,1
819411,1,0,0,11527,49,5393,8839,0,25000,64,3,0
892889,0,,1,1372,66,4691,8466,0,50000,35,8,1
867636,1,0,0,8748,75,9155,8735,1,25000,55,0,0
496063,1,0,0,15886,66,9289,8112,1,15000,39,4,0
220665,1,0,0,11710,51,9600,1259,0,25000,39,0,0
323629,1,0,0,11402,8,381,406,1,25000,55,5,1
404740,1,0,0,4703,15,4881,4413,0,15000,55,0,0
686763,1,0,0,1015,67,8513,7713,1,0,45,1,1
532247,1,0,0,1699,29,3107,2937,1,0,22,4,1
439149,0,1,0,3820,88,5259,2683,0,0,33,0,1
255490,1,0,0,13113,82,4985,4872,0,0,51,4,1
881018,1,0,0,17209,73,626,8139,1,0,37,1,1
807547,0,1,0,3395,15,5908,3463,0,15000,36,4,0
799377,1,0,0,1173,80,1500,2000,1,20000,28,8,0
908860,1,0,,11513,48,6579,1162,1,75000,64,8,0
626161,1,0,0,12668,32,166,9101,0,75000,35,6,1
106098,1,0,0,19767,63,85,716,1,0,38,4,1
202658,1,0,0,2037,90,7781,7402,1,50000,55,3,0
486102,0,,1,7149,32,9859,4532,1,0,49,4,0
681941,0,1,0,18485,58,4112,1808,0,25000,39,7,0
237954,1,0,0,1992,39,1263,1245,0,15000,39,0,0
489813,1,0,0,8507,90,4799,3398,0,25000,48,1,0
698406,1,0,0,13750,96,4511,5323,1,50000,30,7,0
133960,1,0,0,9584,84,7107,5037,1,50000,61,5,0
128411,0,1,0,12859,4,1909,1597,0,25000,64,4,0
778003,0,1,0,12230,82,5385,8005,1,0,25,4,1
508616,0,1,0,10484,42,7116,493,0,25000,50,0,0
280006,1,0,0,8613,70,4005,433,0,0,50,0,1
533226,1,0,0,6902,35,1700,5746,0,0,33,9,1
688268,1,0,0,2415,57,745,3176,0,50000,63,8,0
521175,0,0,1,10593,6,6191,106,1,15000,42,2,1
802415,1,0,,13477,10,3602,3025,1,75000,33,9,0
302758,1,0,0,4193,24,3552,9382,0,0,42,2,1
425663,0,,1,6336,65,4472,7026,1,75000,50,7,1
566300,1,,0,3221,80,1500,117,1,20000,63,5,0
521394,1,0,0,3519,10,6465,2187,0,15000,64,8,0
571134,1,0,0,1491,89,6090,6197,1,50000,54,9,0
497721,1,0,0,5108,84,1908,4743,0,0,21,9,1
313078,0,1,0,14825,6,6068,121,1,75000,58,2,0
720536,1,0,0,5174,36,5641,345,0,50000,29,9,0
694434,1,0,0,5212,67,9863,6000,1,15000,48,6,0
942215,0,1,0,12644,7,1812,5480,1,25000,40,1,0
368650,1,0,0,7784,1,5222,515,0,75000,47,3,0
397320,0,1,0,14301,53,6388,5560,0,75000,52,5,0
956210,1,,0,2471,35,6351,3414,1,15000,40,8,0
611430,1,0,0,9655,58,3968,7231,1,75000,61,5,0
429458,0,1,0,1930,21,3858,1255,1,25000,62,5,0
438013,0,1,0,12993,66,3740,3867,0,75000,19,6,0
749106,1,0,0,8563,74,8918,3287,1,75000,30,0,0
376069,1,0,0,17867,98,640,7299,1,0,58,0,1
631800,1,0,0,7674,0,1030,2200,0,25000,31,4,0
962007,0,0,1,1253,27,6634,2568,1,50000,54,8,1
250383,1,0,0,9479,9,9255,2296,1,0,36,3,1
533110,1,0,0,14361,66,9658,7187,0,25000,27,0,0
947507,1,0,0,10165,23,8625,3794,1,15000,39,3,0
972456,1,0,0,6999,47,2120,2906,1,0,59,3,1
240674,1,,,4122,69,7648,75,0,50000,40,3,0
212375,0,1,0,17514,20,4843,9177,0,15000,37,8,0
825830,1,0,0,19943,93,3891,9036,1,0,49,4,1
137771,1,0,0,18771,36,2455,4477,0,75000,31,4,0
264153,0,0,1,13006,19,3062,8852,1,15000,51,0,1
321620,1,0,0,5705,15,980,623,1,75000,62,9,0
461687,1,0,0,8300,36,4025,1547,0,0,35,8,1
397103,1,0,0,10612,70,687,9037,0,25000,40,3,0
898771,0,1,,17888,9,9368,4644,1,75000,20,3,0
785292,1,0,0,16763,0,54,6889,1,50000,24,1,0
416633,1,0,0,4112,100,4971,3874,1,0,61,6,1
798805,1,0,0,4423,80,1500,2000,1,20000,64,5,0
223174,0,0,1,13640,29,7169,3545,1,75000,21,0,1
713551,1,0,0,8543,100,3588,7214,0,25000,47,1,1
568658,0,1,0,17577,8,3113,1968,0,0,58,4,0
156785,0,1,0,11480,46,6447,8795,0,0,39,7,0
913519,1,0,0,13137,65,9922,1867,0,15000,61,7,0
700487,0,0,1,19614,83,2506,5696,0,25000,43,5,1
547820,1,0,0,16858,49,6605,9590,1,50000,56,8,0
599780,1,0,0,9535,94,8474,9909,0,50000,31,9,1
771595,1,0,0,14747,92,8983,5860,1,0,23,2,1
752477,0,1,0,4297,60,7736,7581,1,0,44,3,0
661795,1,0,,12679,17,2549,4151,0,50000,26,5,0
771301,0,0,1,19604,21,6233,2078,0,75000,20,9,1
101626,0,0,1,8441,100,4183,6717,0,25000,56,6,1
766448,0,0,1,16755,42,5029,1035,0,75000,60,4,1
206072,1,0,0,1001,14,2538,9316,0,75000,36,1,0
884161,1,0,0,12443,97,6295,4221,1,75000,26,3,0
373837,1,,,2549,37,7367,2748,1,75000,37,2,0
729790,1,0,0,7299,64,9162,5820,1,0,57,7,1
398696,1,0,0,6148,1,4603,3932,1,15000,43,9,0
110882,0,0,1,6517,10,7531,4875,0,75000,42,5,1
309372,1,0,0,15111,53,1999,7664,0,25000,62,5,0
727706,0,1,0,3951,80,1500,2000,0,20000,28,9,0
756903,1,0,0,5067,73,6270,3325,0,50000,34,3,0
805823,0,1,0,9500,92,3302,3647,1,15000,37,7,1
515175,1,0,0,12204,71,8933,3312,0,25000,21,0,1
794815,0,,1,3977,80,1500,2000,0,15000,62,9,1
337630,1,0,0,8049,100,2914,260,0,25000,19,3,1
926352,1,0,0,8614,30,4557,4857,1,25000,47,0,0
146392,1,0,0,16334,18,3259,3974,0,75000,40,1,0
920093,0,1,0,1525,93,1500,1211,1,20000,58,5,0
542756,1,0,0,12149,58,1351,6670,1,0,25,0,1
274078,1,0,0,4489,91,5925,4779,1,25000,47,9,0
716988,1,0,0,14967,73,9371,4414,0,0,46,4,1
753225,1,0,0,8540,21,1310,9724,1,0,27,1,1
137359,1,0,0,3336,83,613,4743,1,25000,49,6,0
332474,1,0,0,9441,84,4615,812,0,75000,58,9,0
548344,0,1,0,19953,86,4889,7679,1,0,23,8,1
631632,0,0,1,1839,87,1500,2000,1,15000,40,6,1
597881,1,0,0,10456,50,8122,3458,1,25000,20,2,0
357653,1,,0,2467,41,7545,4457,1,75000,64,2,0
430645,0,0,1,18839,10,1846,9626,0,15000,19,5,1
877126,1,0,0,19231,41,267,4980,0,75000,62,9,1
305376,1,0,0,7929,39,8016,2994,1,25000,32,6,0
173826,1,0,0,11079,78,1567,6079,0,75000,22,0,1
644256,1,0,0,9356,94,2602,3955,0,15000,50,8,1
381425,1,0,0,5473,68,9711,2629,0,15000,28,5,0
271954,1,0,0,10489,39,7524,3708,0,50000,27,6,0
941161,1,0,,4903,78,3861,9408,0,75000,34,1,0
795174,1,,0,9681,75,6903,790,0,0,60,0,1
671218,0,1,,3210,80,1500,2000,1,0,55,6,0
261087,1,0,0,4476,12,667,301,0,0,56,2,1
420281,1,0,0,17309,11,2296,6795,1,15000,19,6,0
319012,1,0,0,9101,46,6787,4588,0,25000,19,7,1
426231,1,0,0,17875,27,2850,5856,0,0,54,6,1
758149,0,1,0,4696,58,2491,1131,1,15000,27,2,0
398097,1,0,0,11467,8,3813,529,1,15000,18,4,0
289146,1,0,0,2736,96,1500,2000,0,0,44,6,1
477371,0,0,1,12343,82,4432,6650,1,25000,54,2,1
709729,1,,,9081,52,53,8244,0,75000,33,3,1
759064,0,1,0,17740,54,5383,7228,0,50000,34,2,0
469084,1,0,,6164,83,6267,2733,0,15000,32,6,1
724545,1,0,,5177,71,171,866,0,15000,45,4,1
343209,0,0,1,6684,62,1233,555,1,50000,35,2,1
653999,0,,1,8192,9,9009,4383,0,50000,38,9,1
879409,0,1,,7828,87,9654,4432,1,75000,51,5,0
529939,1,0,0,11371,71,5189,2824,1,75000,19,3,0
357996,1,0,0,14587,42,400,4808,1,15000,23,5,1
834074,0,1,0,8461,69,4864,4019,0,15000,23,7,1
998622,0,1,0,9778,84,7003,1244,0,0,20,4,1
919727,1,0,0,2358,34,8607,7716,1,75000,61,5,0
610351,1,0,0,2643,45,9293,6122,0,0,26,2,1
723241,0,0,1,17895,74,2517,8365,0,50000,28,7,1
156334,0,1,0,1755,76,8991,3279,1,75000,45,3,0
189935,1,0,0,4711,99,3231,8634,0,15000,35,7,1
968240,1,0,0,19394,16,485,5958,1,0,19,1,1
278192,0,0,1,8536,64,866,1675,0,15000,36,7,1
572214,1,0,0,17359,59,4431,5956,0,75000,40,7,0
382489,0,0,1,5147,10,3470,9966,1,15000,64,0,1
739799,1,0,0,11017,81,8360,8032,1,15000,54,7,1
563523,1,0,0,8300,18,8951,3892,0,15000,56,5,0
122433,1,0,0,11706,86,4881,4531,1,0,64,5,1
767709,1,0,0,14887,47,8766,7050,0,15000,53,8,0
130112,1,0,0,3296,80,97,720,1,15000,49,9,1
684986,1,0,0,13129,90,5899,7081,1,0,59,8,1
617947,1,0,0,6045,98,5372,3337,1,50000,36,4,0
959410,1,0,0,16876,93,3182,9786,1,25000,34,2,0
577265,1,0,0,13841,7,5879,2732,0,50000,18,0,0
895392,1,0,,19733,44,3683,6703,0,50000,52,2,0
230931,1,0,0,15247,13,2567,1680,0,25000,53,4,0
867745,1,0,0,2855,80,1500,2000,1,20000,54,8,0
494020,1,0,0,5943,67,8063,7647,1,75000,37,4,0
632326,1,0,0,18570,37,3244,5118,1,15000,32,1,0
689936,1,0,0,7640,74,3478,1728,1,50000,21,3,0
934196,0,1,,17669,52,5453,9486,1,15000,32,7,0
449434,1,0,0,6730,26,2282,5526,0,25000,18,2,1
821141,1,0,0,4878,78,2675,1652,1,50000,32,7,0
317701,1,0,0,2847,80,1500,2000,1,15000,53,5,0
255171,1,0,0,1630,90,1500,2000,0,20000,24,9,1
907670,1,0,0,2540,29,8465,7587,0,75000,41,5,0
951570,1,0,0,14339,49,904,2039,1,0,26,8,1
833474,1,0,0,5928,72,1584,5663,0,25000,52,2,0
969210,0,1,0,13008,47,4913,3626,1,75000,29,3,0
584428,0,0,1,17332,13,1415,6590,0,50000,44,5,1
374355,1,0,,5580,45,409,7706,0,25000,39,4,1
959442,1,0,0,5378,47,7006,3110,1,50000,48,9,0
312267,1,0,0,13685,89,287,9618,1,75000,38,0,0
411761,1,0,0,1463,8,3732,3315,0,25000,30,1,0
539181,1,0,0,2709,80,1500,2000,0,15000,35,8,0
409828,1,0,0,9693,1,2466,55,0,15000,37,9,0
997653,1,0,0,13444,1,4786,3403,0,75000,61,4,0
473120,1,,0,8115,80,1017,6326,1,0,53,6,1
547004,1,0,0,16437,67,7868,1695,1,75000,55,1,0
733388,0,0,1,16984,75,9532,7551,1,50000,61,1,1
598950,1,0,0,17291,15,70,7149,0,0,32,6,1
544109,1,0,0,13757,1,111,1489,0,50000,42,1,0
431032,1,0,0,9164,52,9977,4907,1,75000,39,0,0
817907,1,0,0,12203,83,5440,1718,1,50000,46,5,0
751187,0,0,1,13532,20,8392,5692,1,50000,38,6,1
998547,1,0,0,3778,98,1500,2000,1,20000,56,7,0
240637,1,0,0,3086,9,6179,8199,1,75000,35,3,0
220969,1,0,0,4554,29,2390,6507,1,50000,59,5,0
237127,1,0,0,15453,68,3448,2427,1,15000,21,3,0
740515,1,0,0,6855,11,7225,6274,1,25000,52,8,0
955468,1,0,0,4994,2,8349,8262,0,0,59,0,1
666052,1,0,0,15763,90,9623,3543,1,15000,44,8,1
690170,1,0,0,11149,77,1503,9830,0,50000,49,1,0
154028,1,0,0,4781,84,5311,3393,0,0,18,9,1
443696,1,0,0,15802,11,9631,6380,1,25000,56,6,0
193111,1,0,0,15003,50,2955,2076,1,25000,42,3,0
186282,1,0,0,17189,74,6935,3983,0,75000,37,4,0
421295,1,0,0,13591,65,2790,3928,1,75000,30,6,0
543009,0,0,1,9471,50,7237,9753,0,15000,46,0,1
381998,0,0,1,18512,23,2369,3556,1,25000,40,3,1
605520,1,0,0,1876,80,1500,2000,0,0,49,7,1
738616,1,0,0,17140,21,7655,98,0,0,46,7,1
523082,1,0,0,6764,63,3310,5253,1,0,27,4,1
150727,1,0,0,6612,76,5834,9905,0,50000,37,6,0
256784,1,0,0,8011,32,6161,9828,0,50000,57,6,0
785187,1,0,0,6665,77,5536,2745,0,50000,40,8,0
994590,1,0,0,13894,80,7945,4745,0,25000,50,0,0
992895,1,,0,1733,87,3632,9773,0,0,61,1,1
391959,1,0,0,8494,46,6517,4801,0,50000,19,9,0
321184,1,0,0,16288,76,5028,9627,1,0,37,6,1
166720,1,0,0,1920,37,2294,8605,1,50000,40,1,0
136702,0,1,,2025,62,217,3643,0,75000,64,0,0
463946,1,0,0,13374,44,6571,5538,1,0,58,9,1
205074,0,0,1,6084,60,208,7271,0,75000,30,8,1
762605,1,0,0,16087,12,1820,7935,0,50000,56,0,0
617893,0,,1,5337,22,1920,3253,1,15000,30,2,1
784652,1,0,0,2579,100,1500,2000,1,20000,56,7,0
931090,1,0,0,1319,44,7767,9346,1,25000,41,5,0
876603,1,0,0,13416,40,22,8123,0,75000,30,0,0
366849,1,0,0,14260,100,3559,6233,0,0,60,6,1
846014,1,0,0,18560,94,1277,4227,0,75000,42,7,1
710258,1,0,0,18387,82,2721,1888,1,75000,40,1,0
732612,1,0,0,10503,34,3663,7653,0,25000,18,8,1
786557,1,,,19440,76,8425,3286,1,0,25,8,1
508179,1,0,0,18342,75,9160,9152,0,75000,35,1,0
490186,1,0,0,8572,15,7809,7745,0,15000,24,8,1
468903,1,0,0,17645,83,2067,806,0,0,29,9,1
866227,1,0,0,14330,27,8937,2863,0,50000,53,7,0
846451,1,0,0,5084,22,7089,8774,1,75000,47,5,0
623835,1,,,7043,11,9383,9264,0,15000,56,3,0
279954,1,0,0,4396,35,1208,1184,1,25000,62,9,0
472572,1,0,0,19356,76,2977,7533,1,0,21,7,1
468504,0,,1,19629,61,3944,3270,1,50000,23,1,1
613213,1,0,0,12821,83,3433,4789,1,15000,38,6,1
874509,1,0,,9280,38,3756,5433,1,50000,18,1,0
946032,1,0,0,4943,81,7120,6965,1,15000,48,3,1
436977,0,1,,14790,80,1639,6618,0,15000,36,9,0
895654,1,0,0,17798,29,1402,2292,1,0,39,7,1
485681,0,1,,14246,52,261,3825,1,50000,41,5,0
428813,1,0,0,18707,53,3060,9821,0,50000,56,9,0
779088,1,,0,5587,57,7777,9136,1,75000,61,9,0
541787,1,0,0,14287,98,1220,9130,0,0,50,4,1
897246,0,,1,2301,76,2710,8522,1,25000,43,6,1
209701,0,1,0,16259,65,2532,3756,1,0,44,0,0
982065,1,,0,7401,10,4335,9647,0,15000,23,3,1
799910,1,,0,8662,92,1369,7493,1,50000,47,6,0
446668,1,0,0,4957,50,2722,4952,0,50000,56,3,0
997800,1,0,0,5754,62,1091,5823,1,0,45,4,1
768512,0,1,,3542,20,3476,9288,0,50000,27,7,0
168696,1,0,0,2767,76,9383,8757,0,75000,51,4,0
102395,0,0,1,1544,88,2149,8209,1,50000,60,8,1
883891,0,0,1,3254,82,9079,4435,0,15000,29,8,1
874935,0,0,1,12567,34,3322,9342,1,50000,61,5,1
355504,1,0,0,5302,59,7127,9933,1,75000,60,6,0
246323,1,0,0,17256,4,4970,2535,0,0,31,9,1
415374,1,0,0,18194,43,3467,9921,0,75000,48,0,0
469253,1,0,0,17850,95,4591,5084,0,50000,24,9,1
670309,1,0,0,3475,82,2641,8253,1,50000,47,6,0
371108,1,0,0,17705,11,6469,5540,0,15000,41,6,0
574469,1,0,0,5054,3,6047,4822,0,15000,40,7,0
410440,0,0,1,5255,47,5228,9381,1,25000,57,7,1
989392,1,0,0,5894,68,3786,1269,0,0,40,6,1
893778,1,0,0,17060,7,7932,7883,1,15000,39,9,0
259007,1,0,0,12719,58,9172,3888,1,75000,41,8,0
117942,1,0,0,19816,21,2710,1295,0,15000,47,5,0
778287,1,0,0,16448,68,5794,195,0,15000,60,4,0
660093,1,0,0,5565,24,8499,4539,1,75000,25,7,0
655067,1,0,,9336,9,7736,6059,0,25000,47,7,0
701927,1,0,0,15718,32,2338,4095,0,50000,63,1,0
273307,1,0,0,2889,80,1500,2000,1,0,36,7,1
921365,0,0,1,5590,20,7912,2591,0,0,50,0,0
332747,1,0,0,17845,55,1649,5810,0,25000,23,8,1
268344,1,0,0,13641,42,7627,9459,0,0,21,3,1
502375,1,0,0,16924,22,2723,2817,0,50000,33,9,0
709825,0,1,,10228,36,4379,1854,1,50000,52,9,0
756936,1,0,0,6470,89,6061,8182,1,50000,62,7,0
307749,1,0,0,17065,89,9138,8374,1,25000,51,1,0
511974,0,1,,11696,66,9973,2704,0,50000,57,1,0
714971,0,0,1,19171,0,6537,2519,1,15000,57,2,1
802566,1,0,,16728,21,634,2202,0,0,45,4,1
690544,0,0,1,3198,100,6265,216,0,15000,18,5,1
852367,1,,0,2709,91,6999,5478,1,25000,48,3,0
900036,0,1,0,19071,53,5183,4115,1,25000,61,9,0
595053,1,0,0,2826,37,2938,4255,0,50000,57,2,0
680578,1,0,0,8308,49,8544,2281,1,50000,35,5,0
256433,1,0,0,13971,2,8464,5179,1,0,54,9,1
900568,1,0,0,3715,34,4268,4278,1,15000,60,5,0
619535,1,0,0,18529,3,437,952,1,75000,63,6,1
464187,1,0,0,18223,85,796,3049,0,0,43,5,1
809704,1,0,0,1202,3,1990,3537,0,50000,60,9,0
438110,1,0,0,4959,80,1500,1403,0,20000,20,8,1
359884,1,0,0,8944,1,2968,3522,0,75000,30,7,0
973468,0,,1,12194,50,6482,4633,0,50000,46,5,1
677595,0,1,0,8253,73,7598,7134,0,75000,43,3,0
673163,0,1,,17686,66,4270,6599,0,75000,44,2,0
448710,1,0,0,13276,97,9055,329,0,75000,36,6,1
351055,1,0,0,5623,49,9349,5658,1,50000,57,8,0
352863,1,0,,18674,41,5116,5883,1,15000,22,8,0
868951,1,,,14346,67,1640,3667,0,75000,45,6,0
192414,1,0,0,14256,11,4002,3031,0,50000,45,3,0
193385,1,0,0,14904,76,2083,3517,1,0,28,3,1
314208,0,1,0,1020,47,2982,5526,0,0,61,7,0
451734,1,0,0,16369,95,7049,3760,1,0,63,0,1
146993,1,0,0,18410,81,8782,3517,1,75000,26,3,0
734799,1,0,0,12766,64,5685,1804,1,0,62,3,1
162234,0,1,0,10594,53,8395,7277,0,50000,40,0,0
504029,0,0,1,13753,96,4913,4973,1,75000,57,1,1
123355,1,0,,4171,99,5758,1966,1,25000,41,4,0
500226,0,1,0,9913,87,6177,2656,0,50000,63,4,0
161773,1,0,0,11226,14,6518,5155,0,15000,34,4,0
437099,1,0,0,19056,20,4136,5870,0,15000,62,7,0
247484,1,0,0,4654,73,9854,4332,0,15000,42,2,0
848658,0,1,0,1791,65,5390,7810,0,75000,42,2,0
347296,1,0,0,14213,47,7410,2286,1,25000,32,5,0
489269,1,,0,11556,34,2886,6496,0,0,28,9,1
547910,1,0,0,3152,80,1500,2000,0,15000,36,7,0
713565,1,0,0,2570,80,1500,2000,1,20000,60,9,0
168670,1,0,0,14736,37,9267,8025,0,75000,38,2,0
573924,0,1,0,3881,82,9471,5231,0,15000,25,1,1
581056,0,1,0,19786,60,1170,6601,0,50000,43,7,0
548268,1,0,0,8549,79,4374,4078,1,25000,27,5,0
280033,0,0,1,10781,81,5527,1721,1,50000,31,2,1
654232,1,0,0,16444,51,5408,4454,1,25000,46,6,0
756955,1,,0,9521,87,9630,4858,1,15000,63,6,1
923930,1,0,0,11441,99,399,3872,0,50000,22,0,1
544022,1,0,0,4543,13,1957,3379,0,75000,61,6,0
111864,0,1,0,4806,82,589,7781,1,75000,47,8,0
161990,1,0,0,6018,49,2447,6351,0,25000,34,9,0
738297,1,0,0,7080,65,9648,9022,0,50000,40,3,0
383050,0,1,0,1505,23,6706,9184,1,15000,42,9,0
680903,1,0,0,4923,98,8963,6606,1,50000,44,5,0
364728,1,0,0,14258,26,4738,4275,1,75000,41,4,0
682249,1,0,0,1211,48,5965,4592,0,75000,39,3,0
300675,1,0,,3101,57,7768,1010,0,15000,51,1,0
782960,1,0,0,6896,94,5167,6567,0,0,53,9,1
113893,1,0,0,2279,62,5468,5463,0,75000,28,4,0
112233,1,0,0,9341,42,7651,2875,1,0,58,7,1
143438,1,0,0,11183,64,1017,596,1,50000,29,3,0
987560,1,0,0,2820,74,1778,5325,0,15000,58,4,0
280131,1,0,0,18621,27,6662,8376,0,25000,49,1,0
695375,1,0,0,18093,9,7349,9686,1,15000,38,0,0
670489,1,0,0,9878,27,4672,6278,0,15000,63,8,0
741671,1,0,0,18489,10,1141,9539,0,75000,44,1,0
601530,1,0,0,19812,11,3649,4105,0,0,38,2,1
608661,1,0,0,14000,38,7394,2195,1,75000,40,6,0
659312,1,0,0,14309,69,7675,9443,0,50000,57,4,0
398475,1,0,0,13502,10,4591,1961,0,25000,50,3,0
916333,1,0,0,1727,80,1500,2000,1,20000,19,8,0
641627,1,0,0,16170,22,4571,2876,1,25000,35,8,0
149422,1,0,0,1241,70,1839,3378,0,75000,21,2,0
136764,1,0,0,3431,31,5252,1798,0,0,50,4,1
919335,0,0,1,9308,10,4836,5385,1,75000,52,2,1
581385,0,0,1,18046,98,5630,7881,1,0,32,9,1
910697,1,0,0,14054,34,9192,4480,1,75000,51,5,0
974266,1,0,0,2070,82,451,2000,0,20000,44,5,1
391500,1,0,0,17237,94,7790,7890,1,0,34,5,1
363278,1,0,0,13955,20,3270,8990,0,0,29,8,1
926453,1,0,,2947,29,4749,2882,0,15000,59,6,0
508521,0,0,1,1970,80,1500,1717,0,15000,44,7,1
881687,1,0,0,15219,93,2175,8599,0,15000,52,5,1
844575,1,,0,14927,72,9471,6255,0,75000,24,2,0
453177,1,0,0,19319,48,3255,6264,1,75000,36,1,0
855941,1,0,0,3158,52,3683,7683,0,0,55,8,1
113106,1,0,0,3214,80,1500,2000,0,15000,57,9,0
114933,0,,1,17734,92,8467,8618,0,0,42,5,1
675303,1,0,0,12311,3,89,9289,1,75000,31,9,1
129909,1,0,0,3531,21,3951,922,0,15000,50,1,0
318153,1,0,0,8696,0,6701,5943,1,15000,60,0,0
634560,1,0,0,15652,74,4804,8943,1,25000,38,6,0
644932,1,0,0,17048,34,8884,3793,1,25000,18,3,0
572263,1,0,0,13629,76,7737,2486,0,50000,57,5,0
530296,1,0,0,19107,23,1440,8410,0,0,62,3,1
281049,1,0,0,2777,80,1500,112,1,20000,42,9,0
345238,1,0,0,12642,15,8578,5687,1,0,44,1,1
654909,0,1,0,19455,50,8000,2846,0,50000,43,6,0
149755,1,0,,6984,69,9742,5961,0,75000,61,0,0
930879,0,1,0,4714,80,1500,2000,1,0,27,5,0
296711,1,0,0,7861,90,662,2894,0,25000,42,7,0
802379,1,0,0,4296,80,1500,2000,0,20000,18,9,1
726091,1,0,0,4917,93,71,1800,1,15000,61,9,1
279406,1,0,0,3083,48,7258,4991,1,0,23,9,1
234101,1,0,0,14304,48,206,6178,0,75000,62,9,1
926085,1,0,0,9071,29,1700,3408,1,0,18,2,1
554634,1,0,0,12505,56,4529,6978,1,75000,41,8,0
716872,1,0,,9296,67,7013,526,0,0,34,9,1
497876,1,0,0,19767,38,5105,5991,1,75000,53,0,0
683214,1,0,0,9831,25,9210,4739,1,50000,50,7,0
486622,1,0,0,10320,38,663,9782,1,75000,18,3,0
636012,1,0,0,2964,17,8405,4241,1,0,46,9,1
556503,0,1,0,15401,61,7417,2215,0,75000,50,5,0
433967,1,0,0,5029,67,9637,3210,1,75000,37,6,0
559400,0,0,1,11856,16,8785,2440,0,75000,49,6,1
510038,1,0,0,17467,11,8485,1473,1,50000,28,8,0
400156,1,0,0,10461,94,9939,6357,0,75000,28,1,1
973199,0,0,1,3301,80,1500,2000,0,20000,36,7,1
294115,0,0,1,8973,42,7448,3828,0,75000,25,7,1
781823,1,0,0,1428,62,1867,6081,0,25000,40,3,0
706577,1,0,0,4634,90,4,5662,0,0,57,6,1
185686,1,0,0,4962,8,1497,5325,0,15000,64,4,0
533834,1,,0,9475,76,2328,7237,0,25000,45,6,0
805701,1,0,0,9069,79,3696,6677,1,50000,58,4,0
309738,1,0,0,1845,25,6279,3714,0,75000,58,0,0
191388,1,0,0,14529,2,6574,1797,1,75000,50,3,0
255096,0,0,1,17734,51,8479,8224,1,25000,52,7,1
338449,1,0,0,5375,99,7965,7751,0,50000,48,8,1
187192,1,0,0,12888,67,9430,8509,1,75000,26,3,0
885942,1,0,0,14773,30,5711,4261,1,15000,28,6,0
681821,1,0,0,8640,1,2914,1393,1,15000,46,8,0
612170,1,0,0,4709,98,8479,8149,1,15000,49,0,1
851137,0,1,0,8987,9,7387,178,0,25000,20,2,1
773908,0,,1,19441,2,6200,9028,1,0,42,6,0
701372,1,0,0,4428,51,8877,4600,1,75000,32,2,0
779096,1,0,0,4175,69,950,6343,1,0,45,3,1
205688,1,0,0,5722,54,3386,8388,1,25000,57,6,0
842511,1,0,0,13097,68,2833,630,1,50000,45,1,0
338438,1,0,0,14270,74,4750,1051,0,50000,37,5,0
948195,1,0,0,11494,21,4408,4397,0,0,36,6,1
360915,0,1,0,8354,0,4299,8427,1,25000,33,6,0
282536,1,0,0,10814,47,8801,2294,1,0,37,7,1
993867,1,0,0,6969,37,8242,7734,0,15000,27,7,0
643219,1,0,0,11753,35,566,7156,1,75000,56,8,0
751837,0,1,,13567,84,729,6146,0,25000,19,5,1
882481,1,0,0,10839,21,1383,9633,0,25000,55,3,0
868552,1,0,,9757,86,6706,7128,0,15000,38,0,1
185009,1,0,0,11992,28,7431,8668,1,50000,32,5,0
906223,1,0,0,14151,31,1703,6416,1,15000,62,0,0
900225,0,1,,7987,90,3114,4981,0,75000,41,9,0
398458,0,1,0,4420,41,440,5044,0,25000,59,0,0
838974,1,0,0,4070,80,1500,2000,0,15000,59,8,0
787743,1,0,0,18480,40,2052,5521,1,75000,19,8,0
397739,0,0,1,18971,53,859,8441,1,75000,25,9,1
902128,1,0,,10785,26,9097,6802,1,0,52,1,1
853256,1,0,0,4078,25,7022,1922,1,75000,40,5,0
541031,1,0,0,17468,61,2453,5405,1,25000,46,9,0
889962,1,0,0,19543,35,7180,8222,0,25000,54,8,0
363037,1,0,,3476,25,5415,6884,0,50000,18,3,0
586382,0,1,0,12765,96,4080,6798,0,25000,53,8,1
184979,1,0,0,3794,67,6916,9885,1,0,32,2,1
874279,1,0,0,18864,82,4002,442,0,25000,52,3,0
670960,1,0,0,6404,100,7771,9902,1,0,39,3,1
582682,0,1,0,12929,7,3203,9030,0,0,57,8,0
608749,1,0,0,6452,36,5690,6693,0,75000,50,8,0
300311,1,0,0,11371,95,599,8807,0,75000,21,3,1
272568,0,1,0,3690,88,4627,7870,0,50000,28,8,0
246123,0,1,0,4615,51,4285,5325,1,75000,26,6,0
435811,1,0,0,14982,27,3677,1188,1,75000,18,2,0
879333,0,1,0,2951,80,1263,2000,1,20000,27,9,0
106597,0,0,1,6794,100,6664,4201,0,75000,23,0,1
850899,1,0,0,10148,78,6411,4062,0,25000,59,6,0
841602,0,0,1,18149,50,2651,4365,1,0,53,7,0
397647,1,0,0,2047,59,1085,5222,1,50000,63,7,0
546685,1,0,0,1227,80,1500,2000,0,0,61,7,1
562906,1,0,0,13295,0,5048,1084,1,50000,43,0,0
990303,1,0,0,8945,88,1726,7373,0,75000,31,7,0
606927,0,0,1,16923,100,1153,4856,0,50000,46,9,1
923474,1,0,0,12509,27,3854,9945,0,50000,25,5,0
582694,0,0,1,19161,78,7457,6864,1,15000,31,2,1
998322,1,0,0,8558,5,7473,2892,1,25000,48,8,0
162698,1,0,0,7224,69,7739,1285,0,0,53,4,1
685589,1,0,0,15757,81,9678,4363,0,75000,18,0,1
501660,0,1,0,15230,97,4569,8114,1,0,40,8,1
790019,1,,0,10724,94,9215,8586,1,75000,25,9,0
880726,0,1,0,16383,86,7095,4713,0,15000,43,0,1
639988,1,0,0,9761,51,696,5082,1,25000,28,3,0
330394,1,0,0,17427,12,8291,6650,1,25000,63,8,0
434519,1,0,0,9574,69,7170,8737,0,25000,40,3,0
230558,1,0,0,19605,76,4537,6566,0,15000,21,2,1
273571,1,0,0,12801,38,1441,6638,1,15000,43,1,0
302932,1,0,0,18382,82,7537,4531,1,15000,23,9,1
967924,1,0,0,16947,10,3710,4487,1,25000,21,1,0
539239,1,0,0,3937,80,1500,2000,0,15000,34,7,0
513189,1,0,0,3033,88,748,8036,1,0,21,2,1
189774,1,0,0,5196,56,7090,7714,0,0,59,7,1
174632,0,1,0,16494,95,180,3182,1,15000,29,2,1
301420,1,0,0,10782,78,477,2244,0,50000,24,6,1
169955,0,1,0,13315,74,3507,2086,1,0,56,0,0
468008,1,0,0,6998,61,9201,1551,0,75000,23,7,0
524321,0,1,0,7562,35,1998,6925,0,25000,28,0,0
636659,1,0,0,12707,79,8542,9092,0,25000,19,3,1
613664,1,0,0,4875,95,1500,2000,0,20000,35,7,1
862020,1,0,0,4660,99,9131,8363,0,0,38,7,1
971120,1,0,0,3140,11,8506,7798,1,50000,36,6,0
925491,0,1,0,3378,76,3276,9695,0,75000,59,3,0
955566,0,0,1,18992,82,6927,2998,0,0,47,8,1
820764,1,0,0,16256,91,945,4289,1,75000,55,0,0
409075,1,0,0,17994,94,9722,1776,1,0,46,7,1
786622,1,0,0,15614,92,9756,9569,0,25000,60,0,1
728798,0,1,0,7312,55,385,8362,0,50000,34,4,0
546979,1,0,0,9219,92,7136,3903,0,15000,31,3,1
687383,1,0,0,14607,86,44,2822,1,25000,42,4,1
286024,1,0,0,5507,78,2017,4768,0,15000,56,4,0
608918,1,0,0,10394,67,8840,9234,1,15000,23,4,0
771368,0,1,0,1009,80,365,193,0,20000,24,7,1
842559,0,1,0,2230,44,2356,6119,1,75000,59,4,0
119573,1,0,0,2959,80,1500,2000,0,20000,23,7,1
900134,0,1,0,11042,11,404,3068,0,15000,19,9,1
751982,1,0,0,3050,49,6410,1799,0,75000,58,1,0
117745,1,0,0,6492,10,7695,9159,1,15000,56,9,0
186107,1,0,0,11101,64,8930,8974,0,50000,24,7,0
781653,1,0,0,8148,20,8048,4115,1,50000,41,6,0
542540,0,1,0,8977,18,7634,2602,1,0,56,4,0
820698,0,0,1,10217,54,5022,3063,0,15000,31,9,1
892250,1,0,0,8055,74,4015,1057,0,0,54,9,1
181729,1,0,0,2269,80,875,7312,1,75000,54,1,0
966169,1,0,0,6792,93,1010,5933,1,25000,18,8,0
188380,0,1,,7045,16,2224,6322,1,0,19,2,0
151919,1,0,0,13844,96,9370,1355,1,0,49,9,1
325647,1,0,0,18477,0,560,8366,0,75000,29,5,0
185070,1,0,0,1114,45,4764,6945,1,15000,53,4,0
470354,1,0,0,17501,11,1047,1845,0,15000,47,2,0
923296,1,0,0,5538,50,5491,6491,0,50000,50,1,0
455087,1,0,0,11050,41,7156,7904,1,25000,63,9,0
489531,1,0,0,14691,62,4119,538,1,50000,53,2,0
720610,1,0,0,2757,2,9565,1368,1,15000,29,2,0
450722,0,0,1,10381,95,2884,1929,1,50000,32,5,1
182021,1,0,0,11461,30,4010,1221,0,25000,44,4,0
541996,1,0,0,17807,84,6703,7186,1,15000,36,3,1
249183,1,0,0,14738,94,202,5104,0,25000,18,1,1
945455,1,0,0,16600,24,3627,800,0,15000,62,2,0
937329,1,0,0,18285,65,8057,6795,0,50000,18,0,0
254171,1,0,0,17685,40,9214,7124,0,50000,21,9,0
228844,1,0,0,18118,34,1319,1921,1,75000,44,0,0
302364,0,1,0,7491,69,9083,1180,0,75000,23,5,0
929481,1,0,0,19931,74,2471,5772,1,50000,26,7,0
668417,1,0,0,9869,42,9740,3926,0,25000,41,6,0
822745,1,,0,2160,63,3143,5870,0,15000,62,0,0
232913,1,,0,8436,6,2485,9484,1,25000,27,4,0
463917,1,0,0,1506,2,3163,5250,1,0,32,2,1
953007,1,0,0,19576,82,5184,2036,1,25000,50,6,0
532866,1,0,,2146,88,1664,8584,1,0,42,7,1
548595,0,1,0,18874,0,7959,8332,1,0,63,2,0
107530,0,1,0,10918,5,1456,2610,0,25000,55,1,0
157388,1,0,0,7091,99,8587,2246,0,75000,64,7,1
883218,1,0,0,7041,49,1859,3747,0,15000,20,7,1
792200,1,0,0,14167,4,2050,4543,1,0,42,3,1
231225,1,0,0,9844,69,7732,3497,0,25000,19,8,1
828466,1,0,0,3757,58,3344,5387,0,0,33,4,1
863049,1,0,0,1378,20,7209,3810,0,75000,54,0,0
638737,1,0,0,8006,40,8157,9728,1,15000,22,0,0
746191,1,0,0,8837,30,5394,1513,1,15000,18,3,0
683158,1,0,0,8131,78,5011,4670,0,75000,60,6,0
427260,1,0,0,3504,74,6474,8505,0,75000,56,3,0
766003,0,1,0,7717,75,4383,6417,1,50000,57,5,0
525830,0,,1,12553,95,3276,5432,1,0,22,6,1
147189,1,0,0,5738,56,3378,7503,0,15000,29,0,0
268803,1,0,0,2808,80,1500,37,0,20000,45,5,0
368024,1,0,0,12732,31,95,7369,0,15000,20,4,1
579304,1,0,0,10348,80,3411,6542,1,25000,51,0,0
887884,1,0,0,4619,23,8636,1559,0,25000,18,6,1
910252,1,0,0,19254,9,9204,1241,1,50000,38,9,0
688599,1,0,0,1768,62,8597,5937,1,0,48,3,1
872134,0,0,1,10181,66,5010,1129,0,25000,46,8,1
550963,1,0,0,2419,80,1500,2000,1,20000,33,9,0
547111,0,0,1,11173,49,28,1693,1,50000,27,3,1
884255,0,,1,14295,59,4699,6388,0,15000,39,5,1
756428,1,0,0,16083,33,1806,5064,1,0,26,8,1
191334,1,0,0,8556,30,914,3948,0,25000,64,3,0
829993,1,0,,19534,88,4771,7187,0,0,32,2,1
128823,1,0,0,1755,11,6072,8144,0,15000,47,5,0
627776,1,0,0,2194,48,1827,3057,0,0,58,7,1
899324,1,0,0,4038,40,7917,4397,1,0,18,8,1
293955,1,0,0,4591,96,2963,1612,1,25000,61,0,0
666647,1,0,0,1216,53,7026,4350,1,25000,18,7,0
244592,1,0,0,13950,47,9844,963,0,15000,59,6,0
463228,0,0,1,8173,0,2081,2303,1,0,27,2,0
156298,0,1,0,8430,36,8142,1004,0,25000,28,0,0
780793,0,0,1,8179,11,9472,4151,0,0,54,1,0
645880,1,0,0,4102,80,1500,2000,1,0,52,9,1
885416,0,0,1,16718,87,5824,4891,0,50000,24,8,1
879907,1,0,0,1948,64,6372,8659,0,75000,32,1,0
503710,0,0,1,3693,4,609,8628,1,75000,47,7,1
992996,1,0,0,17447,81,7954,1839,1,15000,41,5,1
585924,1,0,0,16951,20,1316,9543,0,75000,37,1,0
371927,1,0,0,19105,81,7269,1017,1,25000,53,5,0
342507,1,0,0,3626,17,3501,3575,0,75000,53,5,0
740645,1,0,0,8220,87,9617,1036,1,15000,35,8,1
270766,0,1,0,19936,83,2324,7260,0,25000,40,1,0
767529,1,0,0,3270,54,7445,5692,1,50000,36,6,0
476034,0,0,1,16316,40,4137,1491,1,50000,59,7,1
913995,0,1,,7179,80,9499,9180,0,15000,41,4,0
291761,1,0,0,17371,99,2942,5345,1,50000,20,1,0
767789,1,0,0,2494,46,359,1978,0,75000,51,7,1
938751,1,0,0,14091,65,6798,8705,0,50000,40,7,0
600553,1,0,0,2323,80,1500,570,1,20000,31,5,0
173982,1,0,0,17795,26,7065,9530,0,25000,27,6,0
776762,1,0,0,3063,66,1093,3968,0,15000,54,2,0
935876,1,0,0,5661,13,8488,3314,0,15000,53,0,0
526117,1,0,0,15555,52,7731,1864,0,0,52,3,1
634419,1,0,0,2763,33,7433,3083,1,50000,54,8,0
803156,1,0,0,10124,85,6124,2440,0,15000,53,1,1
849034,0,1,0,10864,1,2836,9052,0,75000,28,1,0
771309,1,0,0,3089,45,3614,7990,0,75000,50,7,0
731381,1,0,0,18708,3,5690,2918,1,0,36,9,1
791406,1,0,0,12540,77,8693,6561,0,75000,19,6,1
589049,0,0,1,2171,98,8566,8317,1,50000,48,2,1
913488,1,0,0,18669,22,1518,3372,0,50000,36,2,0
783974,1,0,0,2643,80,1500,2000,1,15000,24,6,0
621220,1,0,0,8784,71,3520,8177,0,15000,45,7,0
142816,1,0,0,17427,38,8035,2884,0,50000,20,8,0
346234,1,0,0,18975,81,3990,2151,1,15000,50,5,1
962134,1,0,0,12682,3,312,4030,1,75000,40,6,1
662198,1,0,0,7418,72,8691,4294,1,75000,61,3,0
892885,1,0,0,9423,61,9048,8911,0,0,36,3,1
355974,1,0,0,12443,26,5700,2517,0,50000,22,5,0
859080,1,0,0,4818,44,1665,9625,0,25000,18,5,1
571941,1,0,0,18618,23,750,9667,1,75000,56,7,0
236626,1,0,0,4856,52,7383,6673,0,0,32,3,1
280750,1,0,0,4698,1,1468,5295,1,75000,42,9,0
584743,0,0,1,14816,25,363,7564,0,75000,60,8,1
867564,0,1,,19086,13,3934,4612,1,0,48,7,0
301200,1,0,0,14673,31,3266,5014,1,75000,53,0,0
507166,1,0,0,9966,98,5429,4453,1,15000,54,6,1
717298,1,0,0,5576,10,5244,8659,0,25000,39,0,0
649589,1,0,0,2300,96,7164,2077,1,75000,31,9,0
381849,1,0,0,8919,66,9036,6274,1,15000,55,4,0
306059,1,0,0,17608,79,927,6925,0,50000,19,5,1
885606,1,0,0,1880,24,7434,1912,1,25000,28,6,0
348630,1,0,0,6216,74,530,3685,0,75000,52,7,0
636948,1,,0,1286,54,6090,1317,1,75000,45,6,0
576382,1,0,0,5498,77,6902,857,0,75000,56,1,0
937012,0,0,1,3214,81,1500,2000,1,15000,26,9,1
683323,1,0,0,4867,80,6847,3837,1,15000,46,2,0
530964,1,0,0,15839,8,4851,7325,1,50000,64,7,0
553767,1,0,0,7962,66,70,2506,1,25000,54,7,1
300132,1,0,0,5441,81,6781,1928,0,25000,63,9,0
714400,1,0,,8156,76,899,6117,1,50000,44,4,0
483345,1,0,0,8126,12,4526,142,1,15000,47,4,0
375034,1,0,0,12498,0,5346,3822,0,75000,48,7,0
703751,1,0,0,5552,95,3427,1096,1,25000,60,7,0
174298,1,0,0,1865,80,1500,2000,1,20000,40,5,0
530767,1,0,0,16915,71,6632,804,0,25000,55,2,0
126248,1,0,0,12937,7,5937,349,0,15000,39,8,0
622144,1,0,0,3112,31,1003,6617,0,50000,43,4,0
587505,1,0,0,1786,96,2123,5021,0,50000,24,8,1
153599,1,0,0,3940,21,493,8624,1,25000,39,9,1
998934,0,1,0,1125,12,9800,6139,0,0,40,8,0
293754,1,0,0,4613,7,3353,6713,1,0,57,8,1
755357,1,0,,2936,71,7412,7327,1,0,19,3,1
506817,1,0,0,8652,68,8889,1227,1,25000,24,1,0
373188,1,0,0,11564,54,9744,3696,0,75000,60,6,0
458108,1,0,0,3534,80,1500,942,0,15000,33,5,0
937903,1,0,0,18684,95,91,6625,0,50000,24,4,1
321201,1,0,0,15705,16,4291,5031,0,0,30,6,1
147813,1,0,0,1794,3,689,5404,0,15000,20,0,1
117248,0,1,0,2934,45,6584,7463,1,75000,38,0,0
591284,1,0,0,1383,80,1500,2000,0,15000,54,8,0
257288,1,0,0,8503,50,7963,9318,1,25000,33,2,0
125672,1,0,0,17965,76,9011,293,1,25000,23,8,0
537316,1,0,0,11496,3,4662,9826,1,25000,32,1,0
405013,0,0,1,12232,90,9138,9843,0,75000,49,0,1
141167,1,0,0,16973,3,4790,9802,0,75000,20,7,0
611671,0,0,1,11513,4,7320,8987,0,25000,42,6,1
622515,1,0,0,9563,59,7977,3387,1,50000,37,5,0
747253,1,0,0,15590,23,5810,4560,1,0,59,1,1
426033,1,0,0,8130,96,279,8751,1,0,25,4,1
447967,1,0,0,19331,35,2377,2331,0,0,54,4,1
725512,1,0,0,18663,59,781,5863,1,0,29,1,1
576438,1,0,0,15128,94,3013,3655,1,15000,25,1,1
933372,1,0,0,12659,68,2421,1450,0,0,49,0,1
645235,1,0,0,6955,93,156,7769,1,0,34,3,1
918925,1,,0,14751,45,3233,7685,0,0,29,0,1
891570,0,1,0,4934,80,19,1648,0,20000,52,8,1
497231,1,0,,11557,36,6608,8840,1,25000,51,8,0
105411,1,0,0,19641,38,6408,3675,0,25000,43,2,0
569154,0,1,0,16450,96,7726,9028,1,75000,55,7,0
502171,0,1,0,5023,69,1745,4285,0,15000,32,4,0
799246,1,0,0,17205,51,2078,6043,0,75000,59,2,0
403594,1,0,0,8512,6,9633,4590,0,15000,50,0,0
515269,1,0,0,13829,22,1308,8300,1,75000,24,2,0
373648,1,0,0,17469,7,1935,9763,1,25000,21,4,0
432190,1,0,0,1116,80,1500,2000,1,20000,27,7,0
807057,1,0,0,8616,77,9242,4529,0,50000,21,6,1
785873,1,0,0,7700,43,9657,3876,0,0,24,2,1
932144,0,0,1,9887,99,2346,8671,0,0,59,6,1
766850,1,0,0,17720,36,3348,6351,1,50000,43,5,0
159242,0,0,1,7834,86,6113,2811,1,25000,31,8,1
525918,1,0,0,8412,55,5413,1639,0,25000,27,2,0
886092,1,0,0,2463,87,6892,1337,0,15000,56,9,1
354419,0,0,1,8693,65,1921,1514,1,0,36,2,0
521329,1,0,0,17292,15,2555,4216,1,25000,18,2,0
329255,1,0,0,19647,12,3951,3216,1,50000,49,4,0
896752,1,0,0,11572,26,5404,5557,1,50000,40,5,0
534015,1,0,0,17313,42,6356,9157,1,75000,57,4,0
892495,0,1,0,18800,96,3841,3299,1,0,36,5,1
459156,1,0,0,4317,81,2776,9578,0,25000,63,0,0
104060,1,0,0,4057,73,2189,4120,1,50000,49,0,0
304381,1,0,0,10456,40,4110,2065,0,15000,27,8,0
250621,1,0,0,12090,20,8802,639,1,0,43,9,1
358424,1,0,0,2771,80,1500,2000,0,20000,26,8,0
324122,0,1,0,5565,56,1293,9878,0,15000,23,7,1
429421,1,0,,3624,72,7831,6538,1,50000,58,3,0
504648,1,0,0,6210,61,4654,8992,1,25000,59,5,0
429700,1,0,0,12306,11,1357,8788,0,50000,43,0,0
349946,0,0,1,19108,63,28,8772,1,0,26,7,1
228711,1,0,0,12457,22,4965,4837,1,75000,40,8,0
275356,1,0,0,11861,88,1226,7296,0,15000,52,2,1
799562,1,0,0,16383,36,7556,9755,1,15000,42,6,0
631370,1,0,0,11236,9,408,1735,0,25000,45,8,1
158732,0,1,0,11144,80,5635,1681,0,50000,62,6,0
232636,1,0,0,15642,80,4469,6729,0,75000,21,5,1
387633,1,0,0,17587,85,8148,7697,1,50000,32,6,0
944524,1,0,0,3338,51,6066,9823,1,50000,59,4,0
522318,1,0,0,13203,73,7405,4495,1,0,52,3,1
775821,1,0,0,10957,21,6667,8133,0,15000,30,5,0
990906,1,0,0,18620,49,2735,942,1,15000,59,8,0
332611,1,0,0,15085,4,9072,7040,0,75000,27,3,0
304095,1,0,0,19615,80,3126,9895,0,0,61,1,1
516740,0,0,1,4305,36,7225,2922,1,15000,42,4,1
655713,1,0,0,16401,18,5740,5916,1,50000,44,5,0
949012,0,0,1,1311,93,6001,8063,1,50000,43,2,1
684592,1,0,0,11875,88,1627,3583,1,0,22,1,1
996087,1,0,0,17989,13,564,6971,0,15000,42,5,0
682298,0,1,0,16860,45,3404,2342,1,50000,23,3,0
403730,1,0,0,16258,35,3177,5723,1,0,27,1,1
989832,0,0,1,14650,51,6753,8821,0,15000,28,6,1
960369,1,0,0,11045,46,8999,230,1,75000,32,6,0
937676,0,1,,4552,80,1500,2000,1,20000,19,8,0
841795,1,0,0,19209,24,4498,8080,1,75000,48,6,0
110703,1,0,0,4773,71,1872,6964,1,25000,26,2,0
772563,1,0,0,11156,87,6018,59,0,50000,32,5,0
516031,1,0,0,8860,29,6446,1657,0,75000,18,3,0
909412,1,0,0,13241,34,9256,2844,1,15000,24,7,0
328542,1,0,0,1279,29,4353,1631,0,15000,31,3,0
340658,1,0,0,13310,94,4849,4989,0,50000,57,5,1
149265,1,0,0,10585,55,6818,3215,1,50000,35,0,0
297647,1,0,0,19672,98,154,4692,1,50000,33,3,1
979818,1,0,0,1785,19,2826,4237,1,50000,23,5,0
770309,0,0,1,11688,0,4672,8634,1,15000,53,5,1
163253,1,0,0,14903,27,5500,2795,0,25000,63,4,0
810226,0,,1,7698,4,7204,1186,1,0,22,5,0
761600,0,0,1,12889,74,9224,3438,1,75000,37,7,1
171617,1,0,0,11437,93,4602,9502,1,15000,46,6,1
361905,1,0,0,6631,100,4393,8433,0,0,34,7,1
958348,1,0,0,14675,22,7528,8762,0,50000,42,2,0
376099,1,0,0,10066,23,1393,5058,0,50000,31,3,0
433417,0,1,,5274,49,7862,3876,1,50000,55,5,0
591501,1,0,0,12150,99,1784,8215,1,15000,43,8,1
258709,0,1,0,14581,34,1677,1693,0,25000,43,5,0
138427,1,0,0,19141,3,3742,5851,0,25000,58,1,0
650078,1,0,0,13342,70,9274,9616,1,75000,44,7,0
132311,0,1,0,13417,99,6656,9350,0,25000,64,4,1
474470,1,0,0,6084,86,3797,4757,0,0,51,0,1
620524,0,1,0,1032,45,6269,7818,0,0,23,7,1
934313,1,,0,10083,74,2449,5855,0,0,30,6,1
373096,0,0,1,10210,71,869,6706,0,50000,48,6,1
256686,1,0,0,3375,92,2398,2875,1,50000,63,3,0
511154,1,0,0,10262,87,5103,1018,0,75000,44,9,0
245173,0,0,1,19282,74,7764,815,1,0,28,3,0
294440,1,0,0,11388,47,3123,3818,1,25000,63,6,0
679902,0,0,1,9348,27,2752,8052,0,50000,31,2,1
514422,1,0,0,3701,70,8182,2295,0,50000,18,3,0
954609,0,1,0,4922,67,2208,8319,0,15000,61,3,0
111667,1,0,0,4622,46,2462,9050,1,75000,32,7,0
139012,1,0,0,4170,63,3972,837,0,0,36,8,1
575482,0,0,1,12428,19,9148,4797,1,25000,48,7,1
206237,1,0,0,12694,25,9637,8700,1,0,37,5,1
278455,1,0,0,1595,73,2774,2815,0,15000,58,9,0
340753,0,,1,6685,5,9489,2780,0,25000,26,7,1
842430,1,,0,6712,60,5826,4217,1,0,62,2,1
386450,0,0,1,1259,23,8325,1376,0,75000,40,5,1
511658,1,0,0,17178,17,5226,6252,1,50000,19,7,0
836488,0,1,,7355,68,6719,5161,0,0,59,8,0
446506,0,,1,10301,80,4339,4074,0,50000,59,8,1
866556,0,1,0,12182,25,6843,4548,1,25000,19,8,0
645695,1,0,0,16523,0,9198,277,0,15000,35,8,0
842962,0,,1,3225,80,1500,2000,0,0,27,9,0
947529,1,0,0,18444,58,3102,1587,0,15000,43,4,0
811294,1,0,0,1935,24,299,9378,0,25000,56,7,1
635331,1,0,0,11279,53,6232,4297,0,0,58,7,1
489333,1,0,0,16500,38,2781,5733,0,15000,48,5,0
918586,1,0,0,4757,77,6489,9235,0,0,31,1,1
568625,1,,0,11435,31,4878,2294,0,50000,36,7,0
624979,1,0,0,6112,96,9892,4730,1,75000,55,3,0
484684,0,1,,6225,53,6928,3675,0,15000,42,1,0
839786,1,0,0,6200,40,5795,5458,1,25000,37,2,0
887326,0,1,0,1983,70,3260,4466,1,75000,18,4,0
865685,1,0,0,15893,82,6857,6700,0,50000,18,9,1
536256,1,0,0,9114,84,6441,1587,0,0,21,7,1
420095,1,0,0,14295,71,6161,6812,1,25000,19,6,0
846129,0,1,0,4782,19,4544,1618,1,50000,55,9,0
431448,1,0,0,1941,77,123,3554,1,50000,20,5,1
298087,0,1,0,9897,34,2098,5415,1,50000,32,6,0
749385,1,0,0,6295,47,9167,3729,0,15000,27,1,0
332747,1,0,0,2779,80,2582,6958,0,50000,33,5,0
965449,1,0,0,13635,61,3555,538,0,25000,29,1,0
877914,1,0,0,5601,6,7789,787,1,25000,35,7,0
397769,1,0,0,1225,80,1500,2000,0,0,34,8,1
666874,0,1,0,12762,69,8268,7283,1,50000,62,2,0
471707,1,0,0,2373,81,9080,7213,0,0,22,5,1
203207,1,0,,4719,80,6052,4706,1,0,36,5,1
356072,1,0,0,15141,15,9915,6451,0,25000,29,1,0
517967,1,0,0,7516,84,4648,5178,1,75000,56,6,0
495887,0,1,0,13649,50,963,1326,1,25000,42,0,0
597977,0,1,0,16033,53,7417,5065,0,0,34,1,0
835554,0,0,1,11329,18,2632,3502,0,25000,32,2,1
880555,1,0,0,16786,18,1203,2117,1,75000,20,7,0
790748,1,0,0,16894,53,8026,808,0,0,53,6,1
391223,1,0,0,2610,45,8184,8425,0,50000,37,1,0
264979,1,,0,6768,38,8376,1961,1,75000,57,3,0
386889,1,0,0,10857,76,8384,1752,1,50000,49,3,0
571378,1,0,0,16758,28,6564,7350,1,15000,26,6,0
529807,1,0,0,8617,14,2978,3427,1,15000,42,8,0
140493,1,0,0,10932,3,775,70,1,25000,23,8,0
573302,0,0,1,8012,63,7183,3293,0,50000,62,1,1
765283,1,0,0,3524,6,5988,6252,0,15000,56,0,0
309372,0,1,0,17685,6,5902,9010,1,15000,56,8,0
865003,0,1,0,16233,66,6715,2355,1,25000,58,8,0
300580,1,0,0,13895,17,2698,6192,0,75000,39,3,0
151775,1,0,0,3153,83,1500,2000,1,15000,34,8,1
544628,0,1,0,15681,55,9090,9888,0,75000,28,6,0
490184,1,0,0,2272,61,9020,7179,0,75000,29,7,0
963822,1,0,0,2577,2,5710,8359,1,25000,34,4,0
367586,1,0,0,13762,51,6431,3001,1,25000,28,0,0
624403,0,1,0,1258,4,467,8369,1,0,19,7,1
431875,1,0,0,13834,11,396,4324,1,75000,53,0,0
255422,0,0,1,5595,92,4174,216,1,25000,57,0,1
627981,1,0,0,9040,5,6539,1936,0,0,43,6,1
573631,0,0,1,5769,100,2436,9152,0,75000,59,5,1
533005,1,0,0,4620,16,1459,5208,0,25000,27,0,0
994789,1,0,0,7030,58,5721,654,0,75000,34,0,0
450023,1,0,0,2613,10,6352,6046,1,15000,48,5,0
676441,1,0,0,16147,53,9975,1601,0,75000,50,5,0
541159,1,0,0,5145,50,5827,7880,0,15000,25,9,0
288122,1,0,,14359,38,5084,6605,1,50000,45,2,0
518214,1,0,0,8667,99,4399,104,1,25000,33,2,0
314642,1,0,0,4427,86,1064,2953,0,0,32,1,1
703348,0,0,1,2713,43,5648,7790,0,0,39,9,0
165676,0,0,1,17782,44,1135,1163,0,15000,32,2,1
678794,1,0,0,16306,33,2761,6795,0,25000,20,6,1
449319,0,1,0,9774,9,7821,9722,0,25000,40,1,0
209176,1,0,0,18498,94,8918,4907,0,50000,39,6,1
899953,1,0,0,5131,84,9054,1485,1,25000,38,1,0
482598,1,0,0,10634,77,693,1966,1,15000,54,9,0
438197,0,0,1,9574,95,1894,5574,1,75000,46,0,1
727576,0,1,0,17312,92,182,8066,1,75000,18,1,0
155127,0,0,1,5957,44,7467,1787,1,0,46,8,0
172495,0,0,1,1987,10,9507,6415,1,50000,49,8,1
838478,0,0,1,12818,25,4222,3574,1,25000,53,0,1
654150,1,0,0,3757,41,8648,901,0,0,62,2,1
855344,0,1,0,5654,20,9472,9506,0,50000,39,3,0
416626,1,0,0,14036,8,4512,8318,1,0,46,7,1
624938,0,0,1,15410,32,7404,5991,1,25000,64,0,1
171931,1,,,19261,24,2350,1849,1,15000,22,9,0
957312,1,0,0,10050,32,1486,3510,1,25000,58,8,0
882495,1,0,0,7309,76,7555,4375,1,15000,52,1,0
992001,1,0,0,11815,99,2569,8269,1,0,27,0,1
827752,0,0,1,18415,60,3626,1113,1,0,18,4,0
549371,1,0,0,17547,48,8040,3409,1,0,23,5,1
194747,1,0,0,19353,36,7515,6686,0,75000,43,3,0
547399,0,1,0,10370,13,1466,5222,1,0,27,8,0
211031,1,0,0,12766,21,7269,3498,0,25000,47,4,0
881630,0,0,1,10691,80,7438,815,0,25000,45,0,1
870461,1,0,0,17790,0,5805,8278,0,15000,46,2,0
797147,1,0,0,9625,48,1996,5924,0,0,18,2,1
829862,1,0,0,2223,32,570,3894,0,75000,51,3,0
105109,1,0,0,9608,57,8882,7026,0,25000,58,3,0
535096,0,0,1,2887,88,1353,3621,0,0,63,5,1
601884,0,0,1,12050,44,2185,7793,1,75000,22,2,1
352881,1,0,0,8754,68,2121,6548,1,50000,63,3,0
897399,0,1,0,3380,64,3896,3588,1,50000,59,0,0
413117,1,0,0,3590,66,6720,9286,1,0,36,0,1
981019,0,0,1,17020,10,5305,7456,0,0,22,0,1
548041,1,0,0,19552,80,1101,6218,1,75000,60,0,0
968762,1,0,0,18550,85,338,2628,0,15000,64,0,1
118092,1,0,0,16999,91,1681,6021,1,50000,44,1,0
241111,0,1,0,10490,92,569,8281,0,15000,28,3,1
158334,1,0,0,12459,23,9427,4196,1,25000,51,9,0
508720,1,0,0,14912,98,925,7950,1,15000,18,8,1
430182,1,0,0,14322,51,4299,2629,0,75000,21,7,0
713775,1,0,0,17581,93,166,1912,0,75000,48,7,1
274126,0,,1,3599,37,4974,465,1,50000,36,1,1
533451,0,1,0,5473,32,4267,8517,1,15000,64,4,0
251000,1,0,0,10785,87,9147,6315,1,0,53,4,1
293072,1,0,0,18411,24,194,9382,1,25000,26,2,0
677373,0,1,0,1072,63,3193,8083,1,15000,63,0,0
372040,1,0,0,14247,11,5492,1515,0,15000,32,7,0
409270,1,0,0,4292,8,5971,814,1,75000,44,6,0
296912,1,0,,11828,44,4453,8547,1,15000,52,7,0
642670,1,0,0,6093,57,2816,4565,0,15000,64,6,0
636498,1,0,0,18791,23,450,3944,1,0,49,8,1
914637,1,0,0,2504,51,6047,5641,0,25000,26,4,0
410325,1,0,0,8915,2,5220,623,1,25000,39,2,0
731994,1,0,0,16229,32,1711,5624,0,50000,43,1,0
991334,1,0,0,8223,19,4196,6553,1,0,34,1,1
802043,1,0,0,1807,27,5844,90,1,15000,23,3,0
726128,1,0,0,2155,90,6433,9188,1,75000,59,0,0
480371,1,0,0,4524,10,6064,3597,0,25000,52,9,0
595222,1,0,0,2552,80,1500,2000,0,20000,37,5,0
391094,1,0,0,1081,90,3072,7910,1,0,49,2,1
778983,1,0,0,1711,92,6474,321,1,75000,20,8,0
864277,1,0,0,12981,81,7934,8455,0,75000,25,1,0
437013,1,0,0,17912,58,1070,5054,1,0,61,0,1
818580,1,0,0,16977,56,8762,2997,0,50000,31,5,0
161731,1,0,0,16119,20,9243,2696,1,75000,41,9,0
616231,1,0,0,9555,74,3855,3747,0,0,61,5,1
775186,0,0,1,19926,91,5909,9491,1,0,24,2,1
863281,1,0,0,1850,93,2204,2876,0,25000,59,3,1
110819,1,0,0,12448,69,3010,8327,0,0,50,3,1
820486,1,0,0,15084,16,5889,7812,0,15000,36,9,0
449390,1,0,0,3322,84,6612,7093,1,75000,63,7,0
277609,1,0,0,16922,34,1377,3998,0,50000,25,5,0
981992,0,1,,12578,91,7990,9505,0,15000,22,6,1
363793,1,0,0,15181,75,8003,2027,1,25000,41,7,0
587855,1,0,0,4198,85,1500,2000,0,20000,35,6,0
182621,1,0,0,9147,97,2147,4042,1,0,20,7,1
895289,1,0,0,7172,31,4738,81,0,0,33,0,1
942586,1,0,0,5044,91,6428,1268,1,0,61,5,1
729612,1,0,0,12111,57,7573,9052,0,0,34,1,1
186848,1,0,0,15445,50,3146,6949,0,0,24,3,1
671446,1,0,0,9078,9,5340,7792,0,75000,28,5,0
340520,1,0,0,18100,11,7475,6602,0,50000,60,8,0
410355,1,,0,16246,21,6803,6998,0,25000,18,2,1
623495,0,0,1,11254,46,4049,5306,0,50000,34,0,1
555475,1,0,0,15709,66,5762,2058,0,25000,20,2,1
442549,1,0,0,1199,23,6331,935,1,15000,38,6,0
958442,1,0,0,3831,14,6850,8488,1,75000,22,9,0
348393,1,0,0,1117,80,1500,2000,0,20000,32,9,0
607920,1,0,0,10905,64,8089,5097,0,25000,47,9,0
360062,1,0,0,19228,15,3097,4788,1,0,61,4,1
397572,0,0,1,5917,47,6369,6062,1,25000,32,7,1
367024,1,0,0,14754,12,8668,1838,1,15000,38,1,0
485338,1,0,0,3011,37,8667,2627,0,50000,48,5,0
144346,1,,0,10784,24,6516,9177,1,25000,38,6,0
776850,1,0,0,15619,83,4996,234,1,0,58,2,1
676425,1,0,0,15807,60,4603,3933,1,75000,25,5,0
535817,1,0,0,9178,72,1216,8341,1,25000,43,1,0
229619,1,0,0,1623,26,5267,3249,0,50000,28,7,0
819166,0,1,0,7983,21,2756,5016,1,50000,18,3,0
404544,1,0,0,4748,80,395,2000,1,15000,63,7,1
580277,1,0,0,3007,43,3741,5266,0,0,61,0,1
245938,1,0,0,7650,14,4116,9822,1,15000,40,5,0
307746,0,0,1,9051,44,7438,2113,1,25000,18,4,1
600958,1,0,0,13971,36,3502,6512,0,15000,59,7,0
797188,1,0,0,9007,16,4111,8115,0,50000,62,1,0
372818,0,,1,15596,9,197,9226,0,50000,21,7,1
743276,1,0,0,11150,33,9884,7226,1,0,36,4,1
693078,0,1,0,13643,86,4730,2037,1,75000,27,5,0
945024,1,0,0,8379,39,5540,6256,0,75000,63,1,0
928364,1,0,0,12517,99,7310,3826,0,0,38,2,1
365985,1,0,0,1682,78,8498,6738,1,75000,57,9,0
152785,1,0,0,13048,93,3361,8599,0,50000,49,0,1
145552,1,0,0,12893,93,7133,9470,0,0,51,4,1
397062,1,0,0,9926,31,8189,3422,0,0,54,8,1
252044,0,1,,19343,54,1358,1663,1,0,47,9,0
564858,1,0,0,14251,85,713,8383,0,50000,57,5,0
703010,1,0,0,15421,96,2260,6281,1,75000,31,0,0
115680,0,0,1,13395,59,8437,7066,1,75000,60,1,1
951559,1,0,0,1059,53,6690,6806,0,0,58,4,1
632445,1,0,0,19535,23,4018,143,1,50000,44,0,0
907687,1,0,0,15651,6,3343,7542,1,15000,31,4,0
387345,0,0,1,14261,95,9714,8445,0,15000,39,2,1
718534,1,0,0,11458,4,9879,6493,0,15000,27,4,0
204520,1,0,0,17193,99,7630,5280,0,25000,50,8,1
443860,1,0,0,7632,35,9740,2056,0,0,43,3,1
166153,0,0,1,13750,72,4781,5259,1,15000,32,4,1
378420,0,1,0,4411,80,1500,2000,1,15000,43,8,0
762712,0,1,0,9896,44,163,3618,0,25000,46,0,0
886504,1,0,0,12683,17,2206,3457,0,0,62,7,1
990502,0,0,1,3538,32,3827,1149,1,15000,64,7,1
129368,1,0,0,2179,77,5120,1918,0,50000,35,2,0
401133,1,0,0,8955,94,1519,9980,0,15000,20,6,1
313253,1,0,0,15392,86,7042,7956,1,15000,21,3,1
161702,1,0,0,1718,80,1500,2000,1,15000,46,7,0
148561,1,0,0,11831,46,9773,8408,1,25000,53,4,0
646018,0,0,1,14246,56,7915,9248,0,15000,19,4,1
568724,1,0,0,1161,84,135,3599,0,50000,56,1,0
180981,1,0,0,5162,93,2031,485,1,15000,52,9,1
489168,1,0,0,18558,84,8451,6469,1,50000,25,7,0
542039,1,0,0,10002,66,6583,6419,0,25000,21,2,1
156673,1,0,0,6362,59,9710,3542,0,50000,19,6,0
726909,1,0,0,1246,69,5702,4513,1,75000,63,6,0
476161,0,1,0,10767,90,8480,5221,0,25000,49,2,0
374281,1,0,0,5961,76,3498,5516,0,25000,26,4,0
530682,1,0,0,18661,67,6756,5533,0,15000,52,2,0
361770,1,0,0,16681,72,9256,4628,0,0,34,8,1
880636,1,0,0,12804,81,9493,3515,0,50000,59,8,0
306838,1,0,0,15186,58,6337,406,1,75000,38,2,0
122363,1,0,0,2648,54,3366,8021,0,25000,64,5,0
191041,1,0,0,4083,55,7665,37,1,50000,30,0,0
311547,0,1,0,17837,98,415,4126,1,0,45,3,1
263668,1,0,0,1285,94,2216,9473,0,15000,64,9,1
241708,0,1,0,2671,80,167,2000,0,20000,28,5,1
147886,1,0,0,8406,86,7820,3569,1,75000,46,6,0
265654,0,1,0,14671,23,3176,3489,1,50000,41,8,0
929647,1,0,0,19009,52,3313,2689,1,0,24,4,1
449665,0,1,0,16942,15,3203,1314,0,25000,49,2,0
742652,1,0,0,16106,49,5979,3879,1,25000,24,1,0
906379,1,0,0,11744,96,4885,3889,0,75000,33,4,1
433603,1,0,0,18640,49,7130,6441,1,75000,30,8,0
379663,1,0,0,2777,99,1500,356,0,20000,49,7,1
501935,1,0,0,2569,96,1269,539,0,25000,25,6,1
271676,0,0,1,4607,80,1500,1379,1,20000,53,6,1
296811,1,0,0,7018,26,2538,7093,0,0,50,3,1
547901,1,0,0,17488,31,2874,7308,0,0,26,7,1
258583,1,0,0,5857,61,3741,7763,0,15000,35,6,0
329536,1,0,0,9326,83,6490,8855,0,15000,33,0,1
367530,1,0,0,13894,30,5858,3831,1,50000,48,1,0
657042,1,0,0,3736,82,9630,8324,0,75000,40,1,0
148627,1,0,0,7636,85,1281,1542,0,15000,29,4,1
627951,0,1,0,9541,33,6321,5326,1,75000,26,7,0
405924,1,0,0,1439,20,7165,7669,0,25000,42,4,0
638680,1,0,0,7254,0,520,6797,0,15000,64,4,0
995364,0,0,1,4303,73,4481,2125,1,75000,23,9,1
672333,0,1,0,8582,80,3239,5873,1,0,55,3,0
112847,1,0,0,9402,42,2647,6501,1,50000,39,7,0
329942,1,0,0,17050,80,4448,8109,0,50000,56,6,0
463268,0,1,0,14064,45,6949,3834,1,0,30,9,0
391803,0,0,1,12202,12,8605,4190,1,25000,61,2,1
846328,1,0,0,7229,29,549,8363,1,25000,41,5,0
825225,1,0,0,18972,63,2638,6752,0,15000,30,6,0
383550,1,0,0,7530,14,4160,6812,1,25000,55,7,0
448188,1,0,0,10695,3,5150,4822,0,25000,64,3,0
440225,0,0,1,16184,30,1549,4454,0,25000,42,9,1
273274,0,0,1,9773,14,9814,4584,0,15000,30,6,1
129111,1,0,0,7320,7,8075,3921,1,15000,50,7,0
837129,1,0,,5404,40,6717,1277,1,25000,24,7,0
317285,1,0,0,15970,2,4742,6726,0,75000,40,0,0
123361,1,0,0,8853,1,224,3027,0,50000,42,7,1
271024,1,0,0,9504,89,2351,7340,0,50000,33,5,0
136314,1,0,0,9979,82,2270,4744,1,15000,42,3,1
132136,0,1,0,17769,5,6199,864,1,15000,28,0,0
765323,1,0,0,14906,67,4360,3411,0,0,63,1,1
484840,1,0,0,4525,74,9493,1982,0,0,62,4,1
220925,1,0,0,7608,95,470,7356,1,15000,53,0,1
189017,0,0,1,14029,73,891,3674,1,15000,27,0,1
957704,1,0,0,15887,4,5878,4793,0,15000,25,6,0
451083,1,0,0,3688,39,8866,1695,1,50000,38,3,0
843690,0,0,1,18897,41,5178,1821,1,0,41,9,0
793516,1,0,0,1303,85,9726,6197,1,25000,28,4,0
299188,0,0,1,2343,97,6201,422,0,50000,23,3,1
366497,1,0,0,7507,4,3945,9906,1,15000,46,1,0
462377,1,0,0,10154,20,7730,7759,1,25000,56,8,0
328139,0,1,0,18230,34,7743,1980,1,75000,46,1,0
226036,1,0,0,1948,93,1383,2853,1,50000,59,4,0
258958,1,0,0,17694,62,9322,802,0,75000,64,1,0
578252,1,0,0,2518,47,481,28,0,25000,59,0,0
887335,0,0,1,1386,80,1500,2000,0,20000,49,9,1
339455,1,0,0,2461,13,337,463,0,0,51,9,1
725389,1,0,0,15119,17,3387,46,1,75000,26,1,0
104477,1,0,0,5935,32,9373,7272,0,50000,42,9,0
124783,1,,0,8418,89,1436,4043,0,50000,49,0,0
901972,1,0,0,6653,19,5873,365,0,0,60,2,1
550326,0,0,1,3935,80,1500,2000,1,20000,20,5,1
257618,0,1,0,3404,82,213,2618,1,75000,42,6,0
384536,0,1,0,1316,63,3125,8913,0,15000,38,1,0
596131,1,0,0,11477,63,6998,4989,1,25000,29,5,0
781281,0,0,1,14876,88,4303,8913,1,50000,46,2,1
245406,1,0,0,9989,34,2006,1990,1,50000,56,9,0
922100,1,0,0,8341,18,4196,2710,0,15000,55,5,0
799325,1,0,0,5395,25,397,2517,1,50000,18,2,0
473983,0,,1,15589,5,5651,6213,0,25000,29,2,1
599393,1,0,0,11712,14,3488,4246,0,0,47,0,1
725919,1,0,0,11755,9,3636,3394,1,15000,20,7,0
287666,0,0,1,6421,14,6899,6741,1,15000,19,0,1
130038,0,1,0,6498,65,7037,9856,0,0,39,5,0
633956,1,0,,1065,46,5916,7333,1,50000,31,8,0
971927,1,0,0,8659,93,7051,4370,0,0,59,6,1
870646,1,0,0,19965,82,3021,2523,1,15000,58,1,1
610840,1,0,0,18982,76,7071,1036,1,75000,43,3,0
453917,1,0,0,8975,95,3760,566,1,25000,45,2,0
575717,1,,0,19909,48,8621,5196,0,75000,29,1,0
552046,0,0,1,13929,12,7888,9008,1,25000,39,9,1
534265,1,0,0,6021,73,6761,3815,1,25000,20,1,0
754175,1,0,0,1383,14,6043,3917,1,0,59,0,1
529109,0,1,0,14743,61,5361,867,0,75000,60,3,0
919637,1,0,0,15572,69,9174,4967,1,75000,25,3,0
875219,1,0,0,17637,5,8272,718,1,15000,64,5,0
160437,0,,1,1497,62,5841,1990,0,15000,33,5,1
462881,1,0,0,2318,73,7365,8902,1,25000,25,5,0
607823,1,0,0,12250,45,5978,7509,1,50000,33,9,0
473050,1,0,0,5420,1,4778,6464,1,15000,30,9,0
722003,1,0,0,4516,63,7396,3831,0,75000,48,0,0
319425,1,0,0,6194,49,5690,7583,0,15000,49,5,0
722026,1,0,0,3813,87,2461,4568,1,15000,37,4,1
494420,1,0,0,18980,67,2455,9456,0,25000,47,2,0
635220,1,0,0,11644,2,1074,7439,1,0,61,2,1
842574,1,0,0,4068,15,8656,3132,0,0,55,1,1
320524,0,,1,16322,50,6896,1503,1,75000,42,1,1
688325,0,,1,11124,99,133,8391,1,75000,34,2,1
703600,1,0,0,5662,57,3569,9644,0,0,63,0,1
116291,1,0,0,11682,53,3278,7041,0,25000,54,6,0
564646,0,,1,14043,39,3965,8911,0,15000,42,9,1
287582,0,,1,10534,20,6641,6731,0,50000,63,4,1
364349,0,1,0,19257,14,6263,7965,1,50000,37,6,0
189452,1,0,0,12953,21,2356,548,1,15000,25,9,0
184823,1,0,0,19457,95,409,7020,1,75000,41,9,1
979638,0,1,0,14523,54,73,4946,0,75000,25,0,0
274135,1,0,0,2007,71,4111,2954,1,0,19,2,1
774149,1,0,0,9994,7,5512,939,1,15000,64,7,0
680445,1,0,0,4498,100,7110,3249,0,50000,29,9,1
246839,1,0,0,2341,4,2086,3872,0,25000,57,8,0
423642,1,0,0,14724,72,992,7109,1,0,56,8,1
278198,1,0,0,6389,62,481,4448,0,15000,18,7,1
964532,1,0,0,2638,82,2603,7060,0,0,37,5,1
851315,1,0,0,6561,42,626,4571,0,15000,29,6,0
382129,1,0,0,12796,51,213,5950,0,15000,61,8,1
970198,1,,0,12965,58,6292,3314,1,25000,37,1,0
671426,0,1,0,18744,90,1587,125,0,75000,28,5,0
971585,1,0,0,4655,49,5246,6991,1,50000,53,3,0
205627,1,0,,2593,80,1500,1501,1,15000,53,6,0
713333,1,0,0,11625,18,2877,6511,0,15000,26,0,0
783726,1,0,0,6728,95,2273,2542,1,75000,56,6,0
912636,1,0,0,8413,54,4572,2955,0,75000,21,7,0
454940,1,0,0,9295,46,1257,8856,1,0,19,1,1
924631,0,,1,10126,71,9740,5554,1,75000,40,4,1
627487,1,0,0,16738,73,6101,3938,1,75000,40,6,0
234298,1,0,0,2056,80,1500,2000,1,20000,50,5,0
909602,0,,1,6882,94,7721,2924,1,25000,56,7,1
287419,0,0,1,4572,54,664,2761,1,15000,24,1,1
738281,1,0,0,17171,16,4102,2913,1,15000,56,6,0
309182,1,0,0,2733,49,1978,9488,1,75000,56,6,0
366596,0,0,1,11823,49,300,1404,0,0,38,4,1
646503,1,0,0,4500,79,9619,203,0,0,57,7,1
229864,1,0,0,3037,56,3853,4331,1,50000,49,7,0
614289,1,0,0,17360,33,9954,845,1,0,29,9,1
771850,1,,0,17248,92,8509,3958,0,50000,57,1,1
885468,0,1,0,11000,39,5542,4378,1,25000,25,5,0
950502,0,1,0,17834,50,52,548,0,50000,26,8,0
829280,0,1,,14573,56,260,2421,1,25000,61,5,0
976304,0,0,1,10592,88,3012,6741,1,15000,38,6,1
420026,1,0,0,1365,60,2983,9912,0,75000,51,8,0
581839,1,0,0,7796,72,5857,8456,0,15000,62,7,0
201716,0,1,0,2914,93,1607,9353,1,75000,63,6,0
377177,1,0,0,2925,41,1390,1553,0,75000,50,9,0
862909,0,0,1,9638,89,3706,2328,0,0,38,5,1
820868,0,1,0,12227,45,4543,2161,1,15000,64,3,0
182009,0,1,,11452,33,4242,2064,0,0,61,8,0
144066,1,0,0,7833,2,7733,8095,1,25000,50,5,0
798447,1,0,0,5561,94,1807,4411,1,75000,41,3,0
488968,0,0,1,15699,55,7571,2072,0,25000,25,1,1
666303,0,1,0,4941,41,9970,8963,1,75000,57,9,0
473254,1,0,0,3742,80,1500,2000,0,0,45,8,1
334352,1,0,0,15653,40,1446,3439,1,15000,56,5,0
581947,0,1,0,18251,73,4858,5579,0,15000,30,4,0
849075,0,1,0,16338,69,5397,9645,1,75000,40,1,0
778866,1,0,0,4300,66,104,7266,1,15000,28,4,1
526118,0,0,1,5278,34,1766,1538,0,75000,61,3,1
550043,1,0,0,17820,81,4625,4416,1,25000,50,6,0
388866,1,0,0,6695,81,6033,2031,0,25000,46,1,0
825911,1,0,,6554,80,5450,9668,0,50000,44,4,0
584382,1,0,0,8010,80,5369,1241,1,0,20,7,1
121259,0,0,1,5915,42,4117,480,0,25000,37,6,1
189948,0,1,0,11598,44,9288,9819,1,50000,42,1,0
216735,1,0,0,15931,42,3573,3678,0,75000,37,6,0
818053,1,0,0,11427,53,823,2703,0,75000,21,9,0
692477,0,1,0,3905,9,4835,6805,1,25000,59,3,0
600640,1,0,0,2458,97,1500,2000,1,0,32,5,1
632685,0,0,1,3462,97,3032,9267,1,50000,46,5,1
132490,1,0,0,19747,8,6439,328,1,25000,31,8,0
811722,1,0,0,9598,85,3980,4083,0,50000,39,6,0
586703,1,0,0,6757,63,3364,7682,1,0,28,2,1
889172,1,0,0,3550,43,2629,3133,0,15000,38,7,0
827708,1,0,0,10525,76,6502,9119,0,15000,33,5,0
527325,0,1,0,6820,4,8390,5737,0,50000,47,8,0
938452,0,0,1,6969,39,7060,7189,0,50000,21,7,1
549165,1,0,,3978,48,1192,6109,1,75000,41,4,0
882039,1,0,0,6174,44,5234,2440,1,50000,58,3,0
371204,1,0,0,4457,26,509,4672,0,15000,40,3,0
541178,1,0,0,8963,42,3183,8588,1,75000,47,6,0
577796,1,0,0,9618,59,5971,5946,0,25000,58,9,0
338161,1,0,0,3155,16,4133,8503,1,75000,58,0,0
142926,1,0,0,6802,14,6944,4809,0,25000,21,1,1
448867,1,0,0,3378,63,1346,8327,1,50000,60,6,0
833075,1,0,0,10551,72,1236,5410,0,0,48,1,1
753445,0,0,1,9391,87,2395,3519,1,50000,26,8,1
384377,1,0,0,4318,11,1044,3522,0,50000,36,1,0
929314,1,0,0,19401,97,4264,9938,1,75000,60,1,0
957740,0,0,1,10785,64,1892,3939,1,75000,30,5,1
515850,1,0,0,4217,29,3674,2037,0,50000,55,5,0
546917,1,0,0,8745,31,1112,6508,1,0,23,7,1
102649,1,0,0,13501,26,9522,8201,1,75000,37,8,0
268082,1,0,,7031,58,5139,6326,0,0,63,9,1
456190,1,0,0,8925,57,3604,9950,0,50000,26,0,0
205145,1,0,0,13253,82,8801,2060,1,75000,53,7,0
217329,1,0,0,7292,48,6350,7351,0,50000,38,4,0
560013,1,0,0,4303,27,251,6291,0,75000,27,4,1
372048,1,0,0,3306,46,8256,8269,1,25000,45,4,0
595125,1,0,0,10902,27,720,9275,0,50000,41,5,0
676218,1,0,0,13660,38,1161,787,0,50000,24,4,0
240791,1,0,0,13083,32,8980,7392,1,0,62,1,1
398497,1,0,0,2339,6,9744,7070,0,75000,46,4,0
822783,1,0,0,13413,25,9806,9727,0,15000,50,3,0
443347,0,0,1,11799,16,7941,6674,1,75000,53,4,1
649231,1,0,0,17948,67,8997,9122,0,0,37,4,1
142249,0,0,1,3340,9,4915,2476,0,75000,31,4,1
430461,1,0,0,4723,8,8756,963,0,50000,18,7,0
156274,0,1,0,1699,36,3860,766,0,50000,34,1,0
375290,1,0,0,7823,37,8286,6473,1,75000,25,1,0
585949,1,0,0,10041,48,1905,7624,0,75000,43,8,0
543369,1,0,0,9275,41,5922,9005,1,0,55,7,1
332518,0,0,1,13445,87,9831,7466,1,15000,35,4,1
714795,1,0,0,9676,55,8260,2598,0,25000,64,8,0
535490,1,0,0,5919,52,5698,988,0,25000,31,6,0
614137,0,,1,19428,26,4932,8745,1,15000,20,5,1
320350,0,0,1,4743,2,837,2001,0,0,56,4,0
697921,1,0,0,10383,72,3021,9962,0,15000,35,7,0
608841,0,0,1,4557,71,6443,9663,1,15000,54,3,1
840774,0,0,1,18946,33,9099,5122,0,50000,25,9,1
867022,1,0,0,9055,96,3684,4295,0,50000,55,0,1
712090,0,,1,6994,66,4343,6761,1,50000,58,2,1
326177,1,0,0,6686,66,5333,4523,0,15000,53,3,0
285004,0,1,,7968,25,6174,876,0,0,20,6,1
306326,1,0,0,12701,84,5214,7999,0,0,36,8,1
899629,1,0,0,13692,16,2037,502,0,15000,33,0,0
926943,1,0,0,19838,36,4012,6434,1,15000,61,2,0
370553,0,1,,11461,38,9315,9196,1,25000,41,1,0
486286,0,1,0,17950,32,820,8065,1,50000,45,4,0
301880,1,0,0,1327,48,8905,7255,0,75000,60,9,0
841206,0,0,1,13398,3,5040,2153,1,0,26,5,0
911907,0,1,0,18738,94,1208,4218,0,75000,50,2,1
850183,1,0,0,7587,86,1916,9278,1,25000,52,8,0
646499,1,0,0,13507,37,8305,5187,0,0,27,7,1
280995,0,1,0,2528,80,1500,1604,1,15000,64,6,0
995391,1,0,0,1884,80,61,2000,1,20000,62,8,1
117075,1,0,0,14183,33,2418,4210,1,25000,32,5,0
157029,1,0,0,13599,47,9015,1189,0,15000,35,7,0
681097,1,0,0,15109,29,8620,4749,1,15000,40,5,0
906555,1,0,0,1437,47,1385,4393,1,50000,49,6,0
525136,1,0,0,15989,68,3790,6074,1,25000,59,5,0
896366,1,0,0,2900,80,1500,2000,1,20000,21,5,0
883681,1,0,0,3044,6,7435,5413,1,15000,51,3,0
148477,1,0,0,3281,41,364,9681,0,25000,29,3,1
406956,1,0,0,3710,12,9548,7977,0,75000,53,3,0
363540,1,0,0,15872,48,8270,9525,1,50000,51,3,0
316604,1,0,0,18182,31,6658,5647,1,75000,43,3,0
160513,0,0,1,11289,53,2807,8768,1,75000,43,2,1
549054,1,0,0,7749,57,4680,6913,0,15000,39,5,0
940521,1,0,0,18004,26,3294,4874,0,0,45,1,1
435782,0,0,1,13447,11,4219,6229,1,75000,64,5,1
557365,1,0,0,1033,80,1500,2000,0,20000,62,9,0
900214,1,,0,7328,13,3102,594,1,50000,60,0,0
315276,1,0,0,9003,50,1629,4726,0,15000,55,4,0
630455,1,0,0,18231,59,8800,186,1,25000,54,7,0
640251,0,0,1,1547,14,9181,504,1,25000,54,0,1
984159,1,0,0,17084,38,9719,5710,0,50000,21,5,0
587259,0,1,0,15425,43,4636,583,0,50000,20,6,0
910917,0,1,,11858,6,5354,2655,1,25000,32,3,0
980237,0,1,,10079,7,9992,4118,0,25000,36,4,0
245093,1,0,0,6949,50,4882,9220,1,25000,48,8,0
458724,1,0,0,16687,56,2434,8994,0,50000,20,7,0
493129,1,0,0,16895,45,6763,2772,0,50000,60,9,0
836176,0,,1,3061,56,9501,1687,0,15000,22,2,1
813357,1,0,0,3030,53,1129,2482,0,50000,54,4,0
343852,1,0,,2635,53,5883,953,0,0,50,8,1
498132,1,0,0,13218,30,3150,9802,1,25000,40,9,0
758101,1,0,0,11645,66,8484,3022,0,0,59,2,1
172002,1,0,0,17665,45,6329,6290,1,75000,48,1,0
289096,1,0,0,19388,70,2279,6362,1,75000,43,0,0
252910,0,1,0,6617,49,3508,9108,1,15000,58,7,0
166437,1,0,0,6487,91,6931,5618,1,50000,22,8,0
227790,0,1,0,10434,94,8783,9750,0,0,48,8,1
336996,0,,1,5851,72,7758,8171,1,25000,19,6,1
334440,1,0,0,19668,95,2841,3297,0,75000,29,8,1
806331,0,1,0,9983,59,6725,4027,0,0,38,3,0
401283,1,0,0,12426,81,473,3690,0,15000,35,1,1
493917,0,0,1,9565,85,7916,1843,1,75000,51,7,1
851164,0,0,1,11872,54,2776,9471,1,50000,36,6,1
134531,1,0,0,5612,47,7934,117,0,15000,44,6,0
852471,0,0,1,14857,77,6397,7386,1,15000,43,5,1
895701,1,0,0,5788,90,9015,6655,1,15000,20,6,1
703616,0,0,1,5481,43,4857,5589,1,50000,41,8,1
387945,1,0,0,15832,100,8475,5885,0,50000,26,3,1
153405,1,0,0,17118,24,7014,5041,1,50000,36,3,0
532264,1,0,0,18636,71,4253,6860,0,15000,25,8,0
136352,1,0,0,13908,8,5887,5177,1,25000,54,2,0
208356,1,,0,9192,85,411,9524,0,0,40,2,1
284158,1,0,0,15454,87,1906,751,0,75000,53,4,0
813088,1,0,0,14145,40,6780,6617,0,50000,28,5,0
397063,0,1,0,10942,73,3300,9052,1,15000,62,2,0
460949,1,0,0,2746,35,1411,6931,1,50000,63,9,0
720160,1,,0,2095,93,5644,1702,0,0,23,1,1
675955,0,0,1,10049,60,1788,3718,0,25000,20,8,1
965772,1,0,0,14366,98,7444,6343,1,75000,44,9,0
955066,1,0,0,15698,10,275,1219,0,25000,41,3,1
381187,1,0,0,4024,21,9757,5254,1,25000,26,0,0
803270,1,0,0,17174,14,9306,7588,1,0,37,4,1
111576,1,0,0,15497,2,6402,2753,0,75000,57,0,0
517260,1,0,0,9937,59,6568,3808,0,50000,40,5,0
324564,1,0,0,19129,35,1206,8159,1,15000,28,0,0
999929,1,0,,6809,85,8113,3253,1,50000,27,0,0
384720,1,0,0,3779,85,22,2000,0,15000,33,8,1
974099,1,0,0,5840,10,4935,3441,0,50000,32,5,0
999787,1,0,0,11503,60,1491,4943,1,25000,31,6,0
740513,1,0,0,7576,36,9432,7192,0,15000,44,0,0
952834,1,0,0,7192,59,6452,4365,1,75000,59,9,0
914007,1,0,0,8314,99,2885,1620,0,15000,56,8,1
704585,1,0,0,19388,23,8700,552,0,15000,30,1,0
166295,1,0,0,19042,1,8135,7414,0,50000,19,0,0
809798,0,1,,13073,63,8886,4620,0,0,59,8,0
201166,1,0,0,18577,93,4576,9772,0,50000,35,7,1
239850,1,0,0,3817,34,9057,505,0,0,31,3,1
534888,1,0,,19427,94,5416,7726,0,75000,56,9,1
563749,1,0,0,9157,76,798,9981,0,25000,59,1,0
221101,1,0,0,19450,80,3500,2222,0,50000,29,8,0
777319,1,,0,6131,59,7176,1258,0,50000,61,1,0
443429,1,0,0,16267,79,4866,7289,1,75000,56,4,0
238980,1,0,0,13995,1,7916,9654,0,75000,51,3,0
797860,1,0,0,8970,31,9050,9818,0,50000,43,8,0
747697,1,0,0,11401,8,9557,3824,1,75000,35,1,0
635844,1,0,0,1880,6,1013,5724,1,0,61,3,1
870100,1,0,0,5373,23,6474,1923,1,75000,23,7,0
656368,1,0,0,18848,0,2600,9265,1,50000,48,5,0
868347,1,0,0,14421,96,4240,7842,0,75000,21,9,1
221714,1,0,0,3367,99,1500,1463,0,0,64,5,1
264481,1,0,0,19565,45,3831,7000,1,15000,43,7,0
546852,0,,1,8341,11,8091,4752,1,0,42,1,0
514742,1,0,0,16762,2,5601,3936,0,25000,27,6,0
268085,1,0,0,1022,100,1500,2000,1,20000,46,9,0
217371,0,0,1,4152,92,2693,1843,0,25000,54,8,1
521253,1,0,0,19614,66,6587,3205,1,0,61,3,1
110148,1,0,0,18757,58,6954,2529,0,0,20,3,1
903802,1,0,0,14336,0,9281,5887,0,50000,54,0,0
557247,0,1,0,3727,29,830,5974,0,75000,27,4,0
354716,0,1,0,19122,32,7909,5590,1,75000,30,9,0
450690,1,0,0,19684,61,7154,8147,0,0,37,6,1
108407,0,1,0,17918,83,5746,1439,1,75000,55,1,0
581123,1,0,0,3837,20,8483,3821,0,50000,56,5,0
113680,1,0,0,17917,71,6003,1960,1,75000,63,8,0
348432,1,0,0,4920,47,3878,9281,1,50000,50,2,0
330697,0,0,1,3689,68,6432,4908,0,75000,20,8,1
531850,0,1,0,17298,40,174,3828,0,25000,59,9,0
829207,0,0,1,6496,98,2002,4514,1,0,50,5,1
910346,0,1,0,9466,80,9253,7128,0,25000,20,4,1
251024,1,0,0,18113,44,6135,9537,1,50000,44,1,0
621812,1,0,0,18024,90,2287,6259,0,25000,38,6,0
778245,1,0,0,8784,30,1552,1567,0,50000,44,6,0
895197,1,0,0,6113,18,2028,9636,0,15000,49,5,0
455067,1,0,0,12615,5,5449,5833,0,25000,28,3,0
943966,1,0,0,4596,94,1811,7904,0,15000,49,3,1
667925,1,0,0,12224,35,334,1143,0,25000,36,9,1
742154,1,0,0,11523,78,6877,5529,0,15000,61,7,0
349810,1,0,0,14583,27,812,6675,1,25000,22,2,0
551777,1,0,0,13031,13,186,305,1,75000,25,3,1
102452,1,0,0,11186,42,9764,1463,0,75000,18,7,0
680027,1,0,0,7181,35,4566,2443,0,50000,38,3,0
102820,1,0,0,5904,63,6568,9764,0,50000,43,9,0
410733,1,0,0,6842,92,3382,7141,0,50000,30,5,1
476832,1,0,0,14340,98,7099,7334,0,15000,46,1,1
989571,1,0,0,16277,22,9093,7352,1,75000,29,4,0
332946,1,0,0,14981,10,7469,1528,0,75000,18,0,0
298189,1,0,0,19795,70,9371,3828,1,0,57,3,1
852028,0,0,1,15089,62,9251,4227,1,50000,43,7,1
675733,1,0,0,7776,34,7389,6224,0,25000,28,2,0
105303,1,0,0,8752,86,7999,3489,1,50000,50,8,0
118719,1,0,0,19110,19,1506,3168,0,25000,20,8,1
569599,0,0,1,17388,31,8916,5239,1,75000,43,2,1
614042,1,0,0,13766,85,7844,8831,1,50000,64,7,0
457724,0,1,0,3458,21,1687,1004,0,25000,55,6,0
296657,1,0,0,3250,91,1500,2000,1,20000,30,8,0
797581,1,0,0,2882,80,1500,2000,0,20000,43,7,0
462355,0,0,1,3795,11,5783,8932,0,50000,51,1,1
642709,1,0,0,17591,63,6400,2070,0,75000,61,4,0
932974,1,0,0,4008,80,1500,2000,1,20000,52,8,0
504557,1,0,0,14205,94,755,5604,1,25000,19,0,0
789558,1,0,0,15966,64,2746,7016,1,0,64,0,1
184808,1,0,0,3791,71,744,3293,1,75000,26,1,0
230580,1,0,0,16416,31,2270,9344,0,75000,44,8,0
424608,1,0,0,1760,43,981,1107,1,50000,41,3,0
584594,0,1,0,6416,6,2463,1135,1,0,31,2,0
458833,1,0,0,8303,25,5710,9782,1,0,54,7,1
570756,0,0,1,3415,80,1500,604,1,20000,20,6,1
999326,1,0,0,16958,58,9407,9991,1,15000,44,4,0
695969,1,0,,18551,24,76,6498,0,15000,18,8,1
339405,0,0,1,14093,51,4956,6687,0,50000,19,5,1
734685,1,0,0,8286,72,2346,2835,1,0,35,3,1
480522,1,0,0,14176,48,799,885,0,75000,56,6,0
973563,0,1,0,18107,80,3388,1316,0,0,56,4,0
637668,1,0,0,18627,64,2744,7952,1,75000,35,8,0
780890,1,0,0,5194,26,1023,8946,0,75000,56,4,0
515585,1,0,0,5215,22,2903,627,1,15000,60,5,0
308747,0,1,0,17385,75,6651,9166,0,0,64,6,0
872335,1,0,0,12589,5,7552,4970,0,15000,25,4,0
960945,0,0,1,5029,34,3269,2624,0,75000,35,8,1
856888,0,1,0,10105,89,9458,8862,0,0,22,7,1
545254,0,1,0,6591,18,6412,2874,0,75000,55,4,0
888820,0,1,0,17832,19,786,4664,0,25000,31,3,0
341087,0,0,1,12391,63,1299,9738,1,15000,32,0,1
136234,1,0,0,19773,17,2310,6038,0,75000,44,2,0
760107,0,1,0,7262,87,4019,185,0,25000,36,8,0
197572,1,0,0,8783,22,9760,8020,0,50000,43,1,0
104869,1,0,,16800,18,3870,4453,1,75000,57,7,0
137482,1,0,0,7601,1,8870,2797,1,15000,46,1,0
767666,0,0,1,11371,70,1498,1472,0,50000,55,9,1
113037,1,0,0,2432,47,7271,8869,1,25000,52,9,0
275002,0,1,0,14525,87,1564,6258,0,25000,30,4,0
298554,1,0,0,3235,80,1500,2000,1,0,36,5,1
341284,1,0,0,16709,8,8349,3877,1,75000,37,9,0
296940,0,1,,3638,97,6492,1347,0,15000,42,8,1
116037,1,0,0,8967,68,3151,1080,0,25000,19,4,1
370427,0,1,0,1521,61,6873,8714,0,75000,31,9,0
888523,0,1,0,2177,69,5081,2707,0,15000,25,3,0
247829,1,0,0,15592,51,6923,4459,0,75000,22,6,0
162916,1,0,0,16928,57,9400,4487,1,75000,38,1,0
573183,1,0,0,8042,80,2327,3561,1,25000,34,2,0
132036,1,0,0,17687,13,1159,2487,0,0,41,6,1
298512,1,0,0,8980,42,863,5022,0,15000,22,5,1
239593,1,0,0,9459,18,9848,1354,0,50000,50,4,0
366276,1,0,0,18136,21,2763,5459,0,25000,49,1,0
617322,1,0,0,18080,48,8339,4024,1,50000,57,9,0
342253,0,1,0,7437,25,3115,58,1,15000,20,7,0
766476,1,0,0,5097,84,594,9540,1,0,58,3,1
444753,1,0,0,9158,27,360,7451,1,75000,23,9,1
345687,1,0,0,18378,57,6374,2557,1,75000,38,3,0
200981,1,0,0,4208,60,6461,7546,0,50000,25,2,0
170358,1,,0,12088,39,6075,252,0,25000,28,8,0
690835,1,0,0,15831,47,244,5967,0,50000,58,3,1
372032,1,,0,12010,44,8015,1285,1,0,39,4,1
852697,1,0,0,1423,80,1500,2000,1,20000,55,8,0
238832,1,0,0,4073,37,2350,2303,1,0,30,5,1
643476,1,0,0,18301,90,7790,8908,0,25000,25,4,0
217847,0,1,0,16110,86,3337,9509,0,75000,41,0,0
495066,1,0,0,9728,73,3552,6048,1,75000,56,3,0
915022,1,0,0,10144,31,7796,7857,1,75000,36,2,0
959609,0,0,1,1760,94,1266,674,0,0,46,8,1
631266,1,0,0,2380,45,6265,9200,1,50000,26,6,0
842821,1,0,0,13993,9,802,5175,1,25000,42,6,0
540080,1,0,0,17631,84,7844,9414,0,0,56,0,1
597742,1,0,0,9217,28,952,9488,0,50000,56,9,0
366197,0,1,0,4800,43,4169,9682,0,15000,47,9,0
230306,1,0,0,16379,48,9919,4949,0,50000,49,7,0
740849,1,0,0,18529,50,8612,8442,1,75000,50,4,0
864179,1,0,0,14420,80,302,7567,0,75000,24,7,1
972279,1,0,0,17152,45,1673,5966,1,50000,25,0,0
756378,1,0,0,11318,84,4778,3907,0,25000,60,3,0
699724,1,0,0,4604,49,5347,2955,1,25000,42,1,0
675473,1,0,0,10007,38,8708,1123,1,15000,18,2,0
818794,1,0,0,13502,84,7036,9518,1,50000,43,7,0
346479,1,0,0,16576,56,7246,191,1,0,64,0,1
799265,1,0,0,1344,81,5968,7380,1,75000,60,9,0
421801,1,0,0,15584,45,2066,4620,0,75000,23,6,0
167658,1,0,0,7481,88,2804,3432,0,50000,40,0,0
911759,0,1,0,8625,11,154,8076,0,75000,21,8,0
720320,1,0,0,6268,13,7486,815,0,25000,31,2,0
271231,1,0,0,1439,36,6566,7591,0,75000,27,5,0
257235,0,1,,10754,24,4462,5997,0,50000,45,2,0
564495,0,0,1,5715,50,7190,2833,0,50000,23,4,1
755544,1,0,0,14857,72,3969,7724,0,15000,25,6,0
225371,1,0,0,2863,97,1500,2000,0,20000,57,6,1
543779,1,0,0,3733,59,5115,8573,0,0,46,8,1
445649,1,0,0,16389,42,7866,1368,1,15000,20,8,0
647365,0,0,1,7287,18,2353,9549,0,75000,60,2,1
830941,0,1,0,1456,17,9550,6379,0,0,55,9,0
906263,1,0,0,9131,81,7130,8431,1,50000,61,7,0
137033,1,0,0,8041,89,7144,3917,1,75000,58,9,0
124608,0,1,0,4370,95,6668,2486,1,15000,31,4,1
882607,1,0,0,19145,14,5902,5794,0,15000,23,6,1
191883,1,0,0,5688,38,7309,3777,1,50000,63,8,0
827620,0,0,1,13970,93,3116,288,1,15000,41,3,1
533735,0,0,1,2711,28,5271,1946,1,15000,47,8,1
381477,1,0,,8795,20,5207,5388,1,15000,58,3,0
249476,1,0,0,10543,87,9467,9999,0,0,19,1,1
841830,0,,1,2814,15,9294,2718,1,75000,31,6,1
729266,1,,,7731,31,8915,7199,0,75000,34,7,0
712604,1,0,0,1118,95,1654,3819,1,0,52,1,1
989844,1,0,0,17374,2,227,5773,0,25000,59,3,1
243429,1,0,0,1155,12,7693,6560,1,25000,50,5,0
597957,0,1,,15240,64,6710,1192,1,25000,28,1,0
975706,0,1,0,2565,74,4262,4551,1,50000,60,8,0
948030,1,0,0,6351,42,4474,2214,0,25000,33,7,0
106422,1,0,0,13473,91,7765,8885,1,15000,25,6,1
621324,1,0,0,2098,100,7368,372,1,75000,28,3,0
639956,1,,0,9995,78,600,3107,1,75000,46,6,0
364483,1,0,0,9824,22,4655,3828,0,0,39,2,1
895063,1,0,0,2726,5,324,4972,1,0,54,9,1
438234,1,0,0,6812,41,2995,2197,0,15000,48,7,0
870606,1,0,0,4849,62,7549,3586,0,75000,49,6,0
711418,1,0,0,13067,47,6908,5978,0,25000,18,0,1
401788,1,0,0,2924,60,9782,9762,0,0,62,2,1
506234,0,0,1,19504,25,1046,9904,0,75000,31,3,1
410121,0,1,0,4763,6,2833,7487,1,25000,48,7,0
814236,0,1,0,3570,50,971,3526,1,50000,51,5,0
614487,1,0,0,15762,68,6004,9674,0,25000,57,3,0
446453,1,0,0,18610,1,1955,9747,0,75000,38,4,0
335900,1,0,0,15048,81,1451,6456,0,50000,34,3,0
286154,0,1,0,10660,2,835,6504,0,75000,27,0,0
251442,1,0,0,9531,0,6243,3516,1,0,50,4,1
328174,1,0,0,16712,9,6425,3013,0,75000,20,2,0
968288,1,0,0,1575,74,4794,2649,1,25000,61,0,0
434892,1,0,0,18120,45,3833,6531,0,50000,23,9,0
891102,0,1,0,17197,16,1112,4739,1,15000,41,6,0
417741,1,0,0,19994,84,6883,5971,0,50000,39,5,0
912432,1,0,0,12153,71,4174,2097,0,15000,42,7,0
127955,1,0,0,14673,94,9760,1981,1,15000,37,8,1
401787,1,0,0,9662,59,6480,956,1,25000,36,6,0
990397,1,0,0,19532,59,540,295,0,75000,37,1,0
612361,1,0,0,4654,80,1500,2000,0,20000,23,8,1
696709,0,1,0,19566,61,1191,9107,1,75000,18,4,0
436666,1,0,0,11597,82,125,9784,0,75000,51,5,1
288069,0,1,0,5065,55,7105,6319,0,15000,23,5,1
581893,1,0,0,18584,44,3870,2527,1,50000,27,6,0
426888,1,0,0,8687,62,4542,6651,1,75000,42,6,0
339483,1,0,0,10631,80,7301,1222,0,50000,64,8,0
257504,1,0,,17500,0,6664,3940,0,25000,63,8,0
461170,1,0,0,18972,66,4981,5958,0,50000,63,4,0
831052,1,0,,18978,84,9009,6131,0,50000,56,1,0
628939,0,0,1,15766,89,3928,4701,1,15000,45,9,1
725803,1,,0,19862,63,9754,1790,1,15000,25,6,0
624315,1,0,0,10819,52,2143,3663,1,25000,46,5,0
750445,0,,1,15468,31,5624,1857,0,50000,45,6,1
835126,0,1,0,14245,25,5494,8331,0,25000,37,9,0
944575,1,0,0,14348,30,2262,8904,0,75000,25,7,0
223340,1,0,0,2615,9,853,9128,0,0,43,7,1
947686,1,0,0,4503,20,1642,4195,1,75000,34,3,0
595125,1,0,0,9048,34,8031,5524,0,15000,18,7,1
253195,1,0,0,15503,10,7173,5062,1,75000,22,1,0
372323,1,0,0,4558,94,5285,5532,1,0,37,4,1
806873,1,0,0,16460,88,4365,5436,1,25000,29,1,0
305591,0,0,1,17715,86,3408,8555,0,15000,20,5,1
199357,1,0,0,6027,8,9125,3492,0,25000,29,3,0
346183,1,0,0,14168,8,4854,4856,1,25000,61,8,0
234993,1,0,0,3394,80,1500,2000,0,20000,58,5,0
447212,1,0,0,14933,96,931,6401,0,25000,32,6,1
637856,1,0,0,16386,18,1368,4986,0,15000,24,7,1
505258,1,0,0,14751,37,4545,9328,0,50000,58,8,0
958804,1,0,0,12389,47,160,8947,0,25000,19,5,1
591009,1,,0,16644,64,7407,1142,0,15000,46,1,0
754265,1,0,0,12842,44,7647,5458,0,15000,44,6,0
966653,0,1,,18134,74,4174,9666,0,75000,51,2,0
243925,1,0,0,8106,78,342,6799,0,75000,56,2,0
715156,1,0,0,15320,46,4949,3143,1,15000,41,5,0
498402,0,1,0,19323,1,8100,1956,1,25000,47,0,0
674551,1,0,0,5483,39,4393,9088,0,50000,55,9,0
567858,1,0,0,8713,38,9687,9139,0,50000,18,5,0
228385,0,1,,9846,43,5954,6796,1,15000,20,4,0
908882,0,0,1,2343,80,488,2000,1,20000,23,5,1
443847,1,0,0,19604,10,6495,1830,0,0,46,4,1
320273,1,0,0,19945,36,689,5176,1,15000,41,1,0
625740,1,0,0,13245,8,9719,9400,0,75000,40,5,0
805858,1,0,0,10216,4,3091,9766,0,15000,19,9,1
841841,1,0,0,2619,63,3765,8268,0,50000,48,8,0
844529,0,0,1,14894,58,733,2606,1,0,19,3,0
426507,0,1,0,11194,79,7454,1349,0,75000,29,9,0
793563,1,0,0,2216,7,7256,918,1,0,28,8,1
255994,1,0,0,19178,98,9273,6958,0,15000,47,0,1
744319,1,0,,3551,80,1500,2000,0,20000,42,8,0
163781,0,1,0,9668,24,7881,9815,1,50000,20,8,0
180506,1,0,0,11670,26,4740,4987,0,0,64,8,1
531364,1,0,0,3331,61,2800,2492,1,0,62,2,1
979308,1,0,0,7378,21,6878,5505,0,0,53,3,1
923007,1,0,0,19407,48,2652,8136,0,75000,64,8,0
416666,1,0,0,10283,36,4350,2794,0,25000,54,1,0
291411,1,0,0,4756,11,4076,3699,1,50000,40,2,0
216779,1,0,0,13368,33,8855,7605,0,50000,33,3,0
658987,1,0,0,16992,72,9769,9626,0,25000,47,2,0
401420,1,0,0,9593,90,1292,8113,1,25000,33,3,0
146963,1,0,0,12801,22,3676,3757,1,15000,18,3,0
897905,1,0,0,8252,75,2958,7791,0,15000,18,6,1
252604,1,0,0,18817,38,2469,9730,1,25000,47,7,0
559875,1,0,0,13359,14,4570,9017,0,75000,20,9,0
961214,1,0,0,18901,81,1848,9981,1,15000,35,2,1
127023,1,0,0,17552,1,4903,8766,1,75000,29,0,0
955764,1,0,0,19690,83,4508,7530,0,50000,41,6,0
763799,0,0,1,2956,80,1500,2000,0,0,49,7,0
724123,1,0,0,1289,71,9442,4739,1,75000,27,5,0
797946,1,0,0,2897,80,1071,2000,0,20000,43,6,0
610699,0,,1,12219,41,5099,1133,1,15000,60,4,1
308009,1,0,0,8917,96,1785,1843,1,75000,19,0,0
925289,1,0,0,7453,97,6968,3931,0,75000,54,9,1
107529,1,0,0,17006,73,9920,9959,1,25000,44,4,0
299917,0,1,0,11171,91,968,9244,0,75000,33,1,1
217621,1,0,0,2232,63,8964,8218,1,15000,49,0,0
694517,0,0,1,5183,70,2602,5358,0,15000,28,8,1
358513,1,0,0,2764,38,168,7351,0,15000,45,7,1
407145,1,0,0,13992,74,3168,2673,0,50000,33,8,0
873236,1,0,0,6396,91,5748,6319,1,50000,43,5,0
595874,1,0,0,14757,47,5220,3305,1,75000,47,5,0
772802,0,1,0,18689,55,5357,3360,0,15000,60,9,0
934350,1,0,0,8286,29,8601,7502,1,0,40,3,1
330065,1,0,0,3948,25,5453,6933,1,75000,38,8,0
126236,1,0,0,16857,70,9452,4304,0,15000,22,5,1
161832,1,0,0,2064,26,8217,9117,1,25000,40,7,0
255581,1,,0,3667,66,6052,5231,1,25000,43,9,0
769161,1,0,0,16798,99,6613,5951,1,75000,44,6,0
798631,1,0,0,13056,94,8001,6731,0,50000,22,4,1
847168,1,0,,4289,56,2119,7870,1,15000,55,6,0
315529,1,0,0,8182,3,7648,7479,0,75000,29,4,0
463115,1,0,0,15650,54,3752,1177,1,15000,56,5,0
537528,1,0,0,16637,53,686,5384,1,25000,26,6,0
518075,1,0,0,17877,78,9325,7680,1,15000,28,0,0
167309,0,1,0,6902,63,6829,7796,1,0,53,3,0
359629,1,0,0,12348,58,347,3884,0,75000,40,9,1
716650,1,0,0,13286,14,1974,2792,1,0,45,4,1
105888,1,0,0,8521,57,2953,1984,1,15000,23,9,0
435630,1,0,0,12433,63,2276,56,0,50000,57,1,0
143333,0,1,0,14072,40,4130,3174,0,25000,42,8,0
689117,0,1,0,1175,20,6352,7315,1,0,27,5,0
886050,1,0,0,5262,57,2090,4333,0,25000,58,3,0
938325,1,0,0,17549,86,4625,3040,0,15000,37,6,1
174832,1,0,0,11759,89,6519,7776,1,0,45,0,1
706934,1,0,0,1678,50,7315,8867,1,0,37,3,1
934144,0,0,1,2433,80,361,2000,0,20000,33,6,1
943014,1,0,0,14047,37,1779,9562,0,50000,43,0,0
260597,0,0,1,5848,62,7869,6218,1,15000,20,5,1
190747,1,0,0,12284,40,804,6734,1,0,62,6,1
441820,1,0,0,16746,88,3516,6054,1,75000,48,9,0
662730,1,0,0,6500,67,5493,7958,0,75000,52,6,0
454830,0,0,1,18680,54,482,3798,0,15000,46,5,1
995716,1,0,0,14394,48,1616,1726,1,0,28,8,1
158141,0,1,0,16091,51,2874,6697,1,25000,22,9,0
714766,1,0,0,5853,84,7161,9888,0,50000,47,2,0
509886,0,1,,9889,41,8796,8575,0,15000,24,2,1
824535,1,0,0,4272,40,4031,2430,0,0,38,9,1
734172,1,0,0,1791,13,9541,7534,1,75000,59,4,0
970129,0,1,,11192,43,925,7864,0,50000,18,7,0
532566,1,0,0,12270,78,8338,511,1,50000,54,9,0
102023,1,0,0,19696,38,6831,7832,0,25000,32,6,0
909491,1,0,0,2548,86,9059,9467,0,75000,42,5,0
642277,1,0,0,1822,53,6264,4093,0,15000,45,9,0
939299,1,,,17103,68,8450,3684,0,15000,54,5,0
504031,1,0,0,7414,82,730,968,0,15000,37,4,1
630495,1,0,0,11715,67,8839,6925,1,75000,39,0,0
220028,1,0,0,12430,28,894,9786,1,15000,63,5,0
617909,1,0,0,14475,65,1370,289,1,0,61,2,1
535173,1,0,0,4678,4,7352,1212,0,25000,49,9,0
580690,1,0,0,12925,25,773,1297,1,25000,63,9,0
251819,1,0,0,9331,83,9936,3550,0,0,30,6,1
771447,1,0,0,15378,91,2270,7994,1,75000,34,5,0
290815,1,0,0,8960,14,7017,7865,1,25000,59,7,0
347427,0,,1,17303,4,5483,5610,1,15000,54,0,1
862905,1,0,0,14848,72,3137,5968,1,15000,60,8,0
134656,0,,1,5808,37,1057,566,1,50000,52,6,1
843079,1,0,0,3842,80,1500,1476,1,15000,53,7,0
163724,1,0,0,14564,31,9799,6979,1,15000,38,7,0
837292,1,0,0,2091,80,1500,2000,0,20000,58,8,0
926807,1,0,0,9754,6,1350,6026,0,0,40,8,1
924679,0,1,0,6944,17,919,7543,0,0,62,7,0
279526,1,0,0,10299,71,9028,2294,1,75000,45,6,0
641988,1,0,0,5376,50,6050,1486,0,75000,32,9,0
117801,1,0,0,7228,19,2392,2385,1,50000,26,6,0
182882,1,0,,13468,92,3509,8719,1,75000,19,9,0
775655,1,0,0,1507,9,5669,2374,0,25000,26,8,0
364297,1,0,0,8363,0,8196,3377,1,15000,31,9,0
253032,0,1,0,13336,58,9222,9238,1,0,60,2,0
867005,1,0,0,5967,75,3936,3681,0,50000,41,3,0
209501,0,,1,13698,85,6431,4729,0,50000,20,3,1
492690,1,0,,12006,92,700,1588,0,50000,57,0,1
891735,1,0,0,7654,100,2884,1925,1,25000,49,3,0
476090,1,0,0,9264,29,2249,8593,0,25000,39,8,0
156141,1,0,0,10363,77,4170,978,1,50000,33,3,0
114491,1,,0,18773,5,1109,4862,1,15000,33,7,0
399589,0,1,0,18693,59,729,7803,0,50000,63,1,0
201015,0,,1,12662,71,8078,9313,0,0,46,2,0
522847,0,0,1,11963,59,3622,3643,1,25000,61,0,1
584097,1,0,0,11362,4,6302,9889,0,15000,37,9,0
325342,0,1,,11485,93,8416,3517,0,0,45,8,1
418717,0,0,1,3408,7,9145,7316,1,50000,40,5,1
835193,1,0,0,8725,63,6859,7883,0,75000,22,6,0
953006,1,0,0,1740,6,9031,4386,1,25000,47,9,0
402844,1,0,0,10578,61,9703,1326,1,75000,54,9,0
341072,1,0,0,7150,52,1002,979,1,15000,34,3,0
860150,1,0,0,10042,37,6443,1087,1,0,57,2,1
816677,1,0,0,3261,0,4863,2908,0,50000,58,2,0
490786,1,0,0,9994,76,9068,5265,1,50000,54,7,0
992401,1,0,0,8068,64,5066,2070,1,50000,27,0,0
394088,1,0,0,10028,93,2170,9927,1,25000,35,7,0
763754,1,0,0,2913,70,2019,6986,0,50000,42,5,0
158092,1,,0,6592,49,9250,4921,1,50000,20,3,0
653861,1,0,0,12631,17,5833,6574,1,25000,36,5,0
687756,0,1,0,3786,80,1500,2000,1,0,51,7,0
228458,1,0,0,15180,49,1824,148,0,75000,32,0,0
327720,1,0,0,15557,100,311,548,0,50000,63,6,1
597934,1,0,0,16794,54,1324,2113,0,75000,18,0,0
616792,1,0,0,18356,73,2202,6158,0,50000,42,5,0
625834,1,0,0,1342,35,4253,1805,0,15000,49,5,0
288835,1,0,0,14367,85,1362,5694,0,0,35,9,1
308656,1,0,0,14515,96,2004,7512,0,15000,23,4,1
670382,1,0,0,15611,49,4489,2181,0,15000,60,4,0
893875,1,0,0,12123,59,8582,4580,0,25000,21,8,1
819664,1,0,0,10846,28,9977,4479,1,75000,51,0,0
160952,1,0,0,9271,55,1377,3224,1,50000,21,2,0
723488,1,0,0,3234,80,1500,1067,1,0,41,8,1
115960,1,0,0,11734,27,2616,2827,1,25000,59,3,0
347525,1,0,0,19029,66,5705,4329,0,25000,22,4,1
713741,1,0,0,19106,88,3680,9796,1,0,44,2,1
221839,1,0,0,2246,87,1500,971,0,20000,37,7,0
536578,1,0,0,4602,20,3311,1225,1,15000,46,1,0
503967,0,1,0,19357,73,76,7242,1,25000,53,0,0
664691,1,0,0,1112,23,7805,196,0,50000,26,4,0
607213,0,0,1,8292,58,1931,4315,0,0,51,4,0
913413,1,0,,10752,59,500,3612,1,15000,44,1,0
259008,1,0,0,13497,84,6191,4185,1,15000,60,7,1
549942,1,,0,8983,34,190,4645,0,0,20,0,1
919939,0,1,0,9929,70,8145,5398,0,0,45,0,0
736058,1,0,0,7158,40,6558,1603,1,0,35,0,1
740509,1,0,0,5584,88,3416,8841,1,25000,37,6,0
128316,1,0,,6373,67,4492,5421,0,0,54,4,1
903508,0,1,,14633,22,3653,6622,1,50000,33,9,0
648341,1,0,0,13742,7,1531,9719,1,0,47,7,1
269304,0,1,,4010,26,9888,6239,1,0,57,1,0
788479,1,0,0,8865,61,5151,9417,1,15000,36,5,0
856162,1,0,0,11285,81,425,7972,0,50000,19,9,1
465147,1,0,0,12286,58,4786,5754,0,75000,33,2,0
171823,0,1,0,2150,62,9197,8661,0,0,32,4,0
580732,0,1,0,1750,65,9425,3161,0,25000,57,6,0
823237,1,0,0,5282,71,1547,3712,0,0,27,9,1
275148,1,0,0,13534,10,4566,7965,0,50000,46,6,0
981891,1,0,0,7443,5,9190,3771,0,0,48,2,1
632334,0,1,0,18698,86,3577,5702,1,0,56,1,1
216890,1,0,0,1578,6,9552,4449,1,25000,36,0,0
885707,1,0,0,6252,77,523,932,0,75000,39,3,0
861212,1,0,0,19542,73,2082,9114,0,25000,62,0,0
538025,1,0,0,12951,52,462,3225,1,75000,64,6,1
158746,1,0,0,3791,28,6781,993,0,0,58,6,1
883340,1,0,0,11458,65,4596,2855,0,25000,55,6,0
115888,1,0,0,2980,59,1544,9681,0,25000,53,2,0
412147,1,0,0,17662,24,2917,9265,1,25000,61,6,0
705045,0,1,0,2983,35,5731,5528,1,15000,32,8,0
263700,1,0,0,8533,18,5454,1135,0,25000,58,6,0
497564,1,0,0,4504,86,102,4879,0,75000,63,7,1
804104,0,0,1,1893,63,2957,7269,1,0,47,4,0
554827,1,0,0,10712,21,1735,5142,1,0,35,3,1
418265,1,0,0,2126,80,1500,2000,0,20000,22,6,1
297448,1,0,0,13759,64,9528,9424,1,50000,33,3,0
665233,1,0,0,4084,43,9655,9736,0,75000,58,6,0
392804,0,,1,10644,85,5771,8356,1,50000,55,9,1
359863,1,0,,8113,87,1525,1963,0,75000,32,0,0
314211,0,0,1,19948,99,3784,7805,0,25000,33,0,1
678130,1,0,0,11038,91,361,57,0,25000,42,5,1
436973,1,0,0,8157,54,4272,128,0,15000,31,9,0
936220,1,0,0,6522,10,8989,5131,0,15000,41,8,0
774679,1,0,0,4598,91,1500,2000,1,0,52,5,1
767611,1,0,0,2627,79,2912,2631,1,15000,27,8,0
598968,1,0,0,5438,98,5152,8074,1,0,33,8,1
155785,1,0,0,5210,58,5340,9336,0,50000,29,7,0
843813,1,0,0,6645,43,4891,6982,1,0,50,7,1
324145,1,0,0,9567,16,17,1089,0,0,39,1,1
526821,1,0,0,10772,32,9740,9758,0,75000,42,6,0
889961,1,0,0,5530,78,2217,6253,1,0,20,6,1
368310,0,1,0,6840,47,9323,5859,0,75000,23,0,0
712150,1,,0,14977,49,9820,8308,0,25000,22,2,1
799750,0,,1,11552,64,4785,717,1,0,39,9,0
860778,1,0,0,11118,71,9334,2830,1,15000,57,1,0
639890,1,0,0,10857,57,8408,7401,0,25000,19,0,1
932126,0,0,1,9497,59,2417,4545,1,0,57,8,0
220571,1,0,0,9246,23,1554,1911,0,50000,30,1,0
774303,1,0,0,6729,52,3323,1174,1,15000,63,0,0
970624,1,0,0,14756,47,7959,9299,1,75000,41,0,0
946555,0,0,1,6079,55,4773,7309,1,25000,52,6,1
609946,1,0,0,17283,72,9737,8343,1,75000,63,9,0
164861,1,,,1154,55,9697,9687,0,0,19,6,1
265628,1,0,0,15530,71,4628,6358,1,15000,43,8,0
382403,1,0,0,12009,95,6398,4758,1,50000,41,9,0
862512,0,1,0,6664,47,4078,1084,0,75000,33,3,0
577635,1,0,0,11534,50,894,5813,1,75000,28,9,0
424736,1,0,0,10714,21,8069,8065,1,0,19,1,1
379299,1,0,0,19562,70,7504,3725,1,50000,40,9,0
724336,1,0,0,19519,50,9417,9145,0,0,43,5,1
537046,1,0,0,5085,41,9850,3803,1,15000,31,5,0
574393,1,0,0,3167,94,1500,2000,0,20000,36,5,1
937710,1,0,,13349,34,6033,3820,0,50000,29,2,0
360817,1,0,0,10395,52,5564,8755,0,75000,26,6,0
648795,1,0,0,15829,34,966,7512,1,50000,63,9,0
841442,1,0,0,11971,34,2064,9450,0,0,27,7,1
795262,0,1,0,17804,89,6881,8891,0,50000,63,5,0
808435,1,0,0,16805,90,3373,4467,0,75000,39,0,0
421985,1,0,0,14379,73,3539,8729,1,0,48,0,1
356903,0,,1,17356,63,6920,337,1,75000,32,0,1
472365,1,0,0,19041,62,1091,5987,1,25000,30,5,0
406993,0,1,0,15413,65,5340,3184,1,75000,32,5,0
517550,1,0,0,4254,57,4711,3435,0,50000,43,9,0
290147,1,0,0,8274,58,4778,2546,0,75000,54,6,0
407995,1,0,0,4340,80,1500,1872,0,15000,53,8,0
867387,1,0,0,5586,19,5980,9916,0,0,45,4,1
978493,1,0,0,4302,54,3802,8252,1,0,29,6,1
423833,1,0,0,11038,54,3454,9638,0,50000,63,4,0
642201,1,0,0,18368,5,4137,8944,1,15000,50,0,0
683451,1,0,0,10451,12,7456,3754,0,25000,20,9,1
178424,1,0,0,18066,43,8061,2248,0,75000,18,7,0
878856,1,0,0,12383,58,2007,1055,0,75000,52,8,0
686017,1,0,0,6619,38,9214,2290,0,15000,64,8,0
118343,0,1,0,13680,82,4047,9357,0,0,19,8,1
391779,1,0,,13838,64,2373,1369,0,0,55,5,1
735448,0,0,1,16416,96,1680,3447,1,0,54,1,1
331218,1,0,0,19911,37,1382,9546,0,25000,43,2,0
724191,1,0,0,2941,95,5628,307,0,50000,50,4,1
556416,1,0,0,7531,26,240,2517,1,15000,63,5,1
979144,0,0,1,18477,60,709,7279,0,50000,39,2,1
306571,1,0,0,3027,86,7754,9685,0,75000,62,9,0
993907,0,0,1,3699,61,5897,4623,0,75000,30,3,1
166250,0,0,1,14337,0,6938,4400,0,0,62,2,0
171664,1,0,0,10577,79,7117,5189,1,25000,39,1,0
283888,1,0,0,8979,1,9028,8877,1,25000,44,3,0
834003,0,,1,10071,53,4271,4638,0,25000,19,0,1
730848,1,0,0,5118,66,507,2636,1,0,63,4,1
637283,1,0,0,6767,46,2165,851,1,75000,55,8,0
150206,1,0,0,13972,95,9615,6998,1,50000,20,3,0
775368,0,1,,1100,78,388,3165,1,15000,30,4,1
303021,0,0,1,2714,78,4467,7522,0,75000,44,2,1
234776,1,0,0,16789,6,5756,5220,1,50000,21,0,0
964195,0,0,1,5979,54,2628,998,0,25000,20,0,1
630177,1,0,0,13620,65,368,4369,0,25000,29,3,1
662369,1,0,0,7963,46,3235,3307,1,50000,55,8,0
204782,0,1,0,15925,40,1812,7780,1,0,61,5,0
323520,1,0,,15801,82,9345,9237,1,0,49,7,1
768478,0,1,,14581,75,3993,4280,1,25000,31,9,0
479694,0,,1,10616,61,7363,2156,0,25000,31,5,1
599515,1,0,0,13723,94,1901,7719,0,50000,21,1,1
467869,1,0,0,7824,68,2473,6521,0,15000,56,2,0
267416,1,0,0,3676,80,1500,2000,1,20000,49,7,0
855288,1,0,0,4358,20,8896,3770,0,25000,32,9,0
